id,session_id,user_id,region,disability_flag,first_time_digital_user,language,total_turns,avg_asr_confidence,misunderstanding_rate,escalation_flag,service_code,app_status,session_outcome,avg_turn_duration_sec,total_user_errors,is_success
e137056c3fa9a1b52c9770da6d2c51f7,S2002,U1453,urban,false,false,KINYARWANDA,11,0.772,0.4,false,ID_REPLACEMENT,failed,transferred,7.8,1,0
108e24ebe3d71e887b0028a0c4461b43,S2003,U1411,urban,false,true,KINYARWANDA,14,0.7375,0.25,false,BIRTH_CERT,abandoned,completed,7.75,0,1
496ff1993636be21874f423c0d5255ac,S2004,U1116,urban,true,true,KINYARWANDA,10,0.9033333333333333,0.3333333333333333,false,LAND,completed,abandoned,6.0,0,0
c3f426e2015073e180f1037a9ef0ea41,S2006,U1153,rural,false,false,KINYARWANDA,6,0.64,0.2,false,ID_REPLACEMENT,abandoned,completed,8.6,0,1
7a168a7b0a137f67eec9373330f54226,S2007,U1152,rural,false,false,KINYARWANDA,3,0.7033333333333333,0.0,false,BIRTH_CERT,failed,abandoned,6.833333333333333,0,0
b970536a6fc38ae6ca4d8e92520a3595,S2011,U1303,urban,false,false,KINYARWANDA,10,0.6519999999999999,0.4,false,BIRTH_CERT,completed,completed,8.2,1,1
4b5bcdd6e0f74979a887982f65fdbeb9,S2012,U1292,urban,false,false,KINYARWANDA,12,0.745,0.5,false,BIRTH_CERT,completed,completed,7.25,3,1
8957566b2da4ecd1b9449ed28925f1fe,S2014,U1299,rural,false,false,KINYARWANDA,7,0.73,0.0,true,BIRTH_CERT,abandoned,completed,7.833333333333333,1,1
0eae2ca1d8bf4ab05da77bd2955f9daa,S2015,U1227,rural,false,true,KINYARWANDA,7,0.8146153846153846,0.23076923076923078,false,DL,failed,completed,9.153846153846153,2,1
dcfda637b79d4f91db5287f268a90af2,S2016,U1270,urban,false,false,KINYARWANDA,4,0.7075,0.125,false,LAND,abandoned,completed,5.375,0,1
074da3a61eaf68391c62c274f327b2c6,S2018,U1431,urban,false,false,KINYARWANDA,10,0.77,0.2,false,LAND,failed,completed,6.8,1,1
6b8248d76d252319df3318e6bd298afd,S2019,U1342,rural,false,false,KINYARWANDA,12,0.6533333333333333,0.3333333333333333,false,DL,completed,transferred,8.666666666666666,1,0
e3c01f13bf3887bfc8e52327befd2228,S2020,U1325,urban,false,true,KINYARWANDA,3,0.7388888888888888,0.1111111111111111,false,BIRTH_CERT,completed,completed,7.333333333333333,2,1
183d772f317caf8d251df52551a43639,S2022,U1497,rural,false,false,KINYARWANDA,12,0.7816666666666666,0.16666666666666666,false,ID_REPLACEMENT,abandoned,completed,9.666666666666666,1,1
f8d6096d4d66f166aee56ac7938e1dd7,S2024,U1378,urban,true,true,KINYARWANDA,7,0.72,0.0,false,LAND,completed,transferred,9.0,0,0
7451855cdd6f7635b577f2abc9cfea4e,S2027,U1020,urban,false,false,KINYARWANDA,11,0.7225,0.5,false,ID_REPLACEMENT,abandoned,completed,7.0,2,1
1dab90138de5e86ed7aa03acfdfa76c7,S2030,U1335,rural,false,false,KINYARWANDA,4,0.6875,0.375,false,ID_REPLACEMENT,completed,completed,9.0,2,1
3b086a0a99c4812cde876815fd4cec70,S2032,U1116,urban,true,true,KINYARWANDA,6,0.86,0.2,false,DL,completed,completed,8.0,2,1
e084b2d19df14e9481dccfa0d54711f2,S2033,U1123,rural,false,false,KINYARWANDA,10,0.745,0.25,false,ID_REPLACEMENT,completed,completed,9.25,2,1
b3b17cfaed66290ae147962f8c598a24,S2035,U1280,urban,false,false,KINYARWANDA,13,0.65,0.0,true,DL,completed,completed,10.25,2,1
b726590c2f9512595212a0961ce5fd66,S2038,U1050,urban,false,false,KINYARWANDA,13,0.7071428571428572,0.2857142857142857,false,DL,completed,completed,6.714285714285714,2,1
2c89e29f83a7f77b707b3eb48a096256,S2041,U1276,urban,false,true,KINYARWANDA,9,0.7999999999999999,0.0,false,LAND,completed,completed,8.285714285714286,2,1
f1f119ed13ab018c0e3383bdf15e65c1,S2042,U1140,urban,true,false,KINYARWANDA,5,0.5933333333333334,0.3333333333333333,true,BIRTH_CERT,completed,completed,11.333333333333334,2,1
0a77e9ca739f5e8b9fee8788bda52a9e,S2044,U1274,rural,false,false,KINYARWANDA,6,0.6766666666666667,0.0,true,BIRTH_CERT,completed,transferred,4.666666666666667,1,0
018edc3c976f689f8332cca846242fcb,S2045,U1289,rural,false,true,KINYARWANDA,12,0.702,0.4,false,DL,completed,abandoned,9.7,1,0
9e098a4b1bd92b986a114db27bffe694,S2048,U1451,rural,false,false,KINYARWANDA,12,0.7,0.2,false,DL,completed,completed,10.0,1,1
c57cc971c75def1897f6814f904f28e7,S2049,U1495,rural,true,false,KINYARWANDA,14,0.6766666666666666,0.0,false,BIRTH_CERT,failed,abandoned,7.333333333333333,1,0
3d866bbc1ec67954a66c984aea025f31,S2051,U1051,urban,false,false,KINYARWANDA,4,0.8099999999999999,0.0,false,DL,failed,abandoned,8.0,1,0
38235eb9ef1337cbd1f53be9556b2b54,S2054,U1156,urban,false,true,KINYARWANDA,4,0.6375,0.5,false,LAND,completed,completed,8.25,0,1
65ed0d223cf5d1c7b203e467ea6c720e,S2055,U1238,urban,false,false,KINYARWANDA,3,0.8375,0.25,false,DL,abandoned,transferred,5.75,1,0
8da909977fa5dc985f647a352743ae19,S2057,U1290,rural,false,true,KINYARWANDA,5,0.7779999999999999,0.6,false,BIRTH_CERT,completed,abandoned,8.6,1,0
4df2f1a29440c47039121d5f77f94e8f,S2059,U1143,rural,false,false,KINYARWANDA,14,0.46,0.0,true,BIRTH_CERT,completed,completed,5.0,1,1
53f9ee87f17de4540aa03c9e3bd064e8,S2060,U1105,rural,false,true,KINYARWANDA,3,0.815,0.5,false,LAND,failed,abandoned,5.5,0,0
45fb5b34afcb28b251f5c29cf80e6ab4,S2061,U1419,urban,false,false,KINYARWANDA,14,0.7185714285714286,0.14285714285714285,false,ID_REPLACEMENT,failed,abandoned,5.0,1,0
0e985d9950a692bb726004f593156975,S2062,U1157,urban,false,false,KINYARWANDA,3,0.8483333333333333,0.16666666666666666,false,LAND,failed,transferred,10.333333333333334,1,0
9d6334afe26435fa612e0c9d84f90d3a,S2063,U1145,rural,false,false,KINYARWANDA,10,0.762,0.0,false,BIRTH_CERT,completed,transferred,8.0,1,0
5181880c1c31a1dce455e63b2a4bc926,S2064,U1001,urban,false,false,KINYARWANDA,5,0.6757142857142858,0.2857142857142857,false,BIRTH_CERT,completed,abandoned,5.142857142857143,3,0
90f3f696ed94785554e432af373bdaf7,S2067,U1131,rural,false,false,KINYARWANDA,9,0.704,0.4,false,ID_REPLACEMENT,abandoned,completed,6.2,1,1
2eed46014e5a549676f34c211519d56d,S2073,U1350,rural,true,false,KINYARWANDA,7,0.7614285714285715,0.14285714285714285,false,LAND,abandoned,completed,9.571428571428571,2,1
6d41a0e61002ea5913daf3bd3a358186,S2074,U1107,urban,false,false,KINYARWANDA,8,0.772,0.0,false,BIRTH_CERT,failed,completed,7.2,0,1
7e7a4c8bd623dac8ad5c2a0db3960f95,S2075,U1073,urban,false,true,KINYARWANDA,9,0.8233333333333334,0.3333333333333333,false,BIRTH_CERT,completed,abandoned,6.333333333333333,0,0
4ccb7c5bf4f34f944cec8a6ab39183ad,S2076,U1038,urban,false,true,KINYARWANDA,6,0.8733333333333334,0.3333333333333333,false,LAND,abandoned,transferred,10.166666666666666,2,0
8701805c454ddae0e52c87fa2bc09e3f,S2077,U1396,urban,false,true,KINYARWANDA,10,0.7362500000000001,0.125,false,LAND,completed,transferred,9.875,1,0
2ea5bdeb475df7f467cbc091fc67b53c,S2079,U1070,urban,false,true,KINYARWANDA,3,0.7733333333333334,0.0,false,BIRTH_CERT,abandoned,transferred,11.333333333333334,0,0
bfa7d0554f0cc9b8096010d0a1ac1c5a,S2080,U1446,urban,false,false,KINYARWANDA,3,0.73,0.25,false,DL,completed,abandoned,5.0,0,0
0a0fa4a4b24398d2a5182977ee9a2d5e,S2085,U1297,rural,false,true,KINYARWANDA,10,0.76,0.2857142857142857,false,ID_REPLACEMENT,completed,abandoned,8.0,2,0
80f051ac066115c1fdd75b4f1dbb5444,S2086,U1439,rural,false,false,KINYARWANDA,9,0.7699999999999999,0.2857142857142857,true,LAND,completed,abandoned,7.285714285714286,3,0
ffe58c59788ad9cf3c4c85923a423e8c,S2087,U1035,urban,false,false,KINYARWANDA,14,0.7285714285714285,0.14285714285714285,false,BIRTH_CERT,completed,completed,7.714285714285714,3,1
dd2fe2e8ef3e2c610e48bf43f4d37244,S2088,U1083,rural,false,false,KINYARWANDA,8,0.8033333333333333,0.3333333333333333,true,ID_REPLACEMENT,failed,abandoned,8.333333333333334,1,0
2c16a3b2cdda634c1a7f208b67f700e8,S2090,U1373,urban,false,false,KINYARWANDA,9,0.77,0.0,false,BIRTH_CERT,completed,completed,8.0,1,1
15fd225cd03c5f4176aca83ad2f510c4,S2095,U1375,rural,false,false,KINYARWANDA,9,0.8,0.2,false,LAND,completed,abandoned,7.6,1,0
b8c36a3a761ede9082c2a71514ed1cfb,S2097,U1361,urban,false,true,KINYARWANDA,12,0.7375,0.25,false,DL,completed,abandoned,11.25,0,0
ade0938df5f6f2976795ee05199fb141,S2100,U1140,urban,true,false,KINYARWANDA,5,0.975,0.5,false,DL,completed,transferred,7.0,1,0
4cf7314a0b423d4a38a130a93ca4b29d,S2101,U1374,rural,true,true,KINYARWANDA,6,0.735,0.0,false,DL,abandoned,completed,8.0,0,1
a125ab475fcd3b0bc8e756c0b8ffcb0a,S2102,U1405,urban,false,false,KINYARWANDA,6,0.7799999999999999,0.0,true,BIRTH_CERT,completed,abandoned,9.0,0,0
e8d2eeb0bba64ff7c3e3424bd728695e,S2103,U1117,rural,false,false,KINYARWANDA,12,0.8033333333333333,0.3333333333333333,false,LAND,completed,transferred,10.166666666666666,4,0
4d58d609558aa726e729c62d25d7b9e7,S2104,U1276,urban,false,true,KINYARWANDA,13,0.734,0.2,false,DL,completed,completed,7.8,1,1
466207dd4f9370a047f380b120dbde4a,S2105,U1213,rural,false,false,KINYARWANDA,4,0.815,0.16666666666666666,true,LAND,completed,completed,8.5,2,1
8b664edf7d714dc0ae41c603ac47f9f4,S2106,U1219,urban,false,true,KINYARWANDA,14,0.6655555555555556,0.3333333333333333,false,BIRTH_CERT,abandoned,abandoned,7.444444444444445,2,0
b003042392805c92a5a2fc387059677c,S2107,U1392,rural,false,true,KINYARWANDA,3,0.8666666666666667,0.0,true,LAND,completed,transferred,5.0,0,0
44a58b9ac1c53ce9d43d7925643d451f,S2108,U1025,urban,false,false,KINYARWANDA,14,0.55,0.0,false,LAND,abandoned,transferred,9.5,1,0
5f07a78a1662b668d0c4d1c0b796cf2f,S2110,U1270,urban,false,false,KINYARWANDA,14,0.792,0.2,true,ID_REPLACEMENT,completed,abandoned,5.0,4,0
0a4153ca80331c51e30c754a1b32a01c,S2112,U1471,urban,false,false,KINYARWANDA,10,0.8063636363636363,0.0,false,ID_REPLACEMENT,completed,transferred,8.545454545454545,2,0
88775e7f1b2a0718e186bd1ac2061d16,S2113,U1377,rural,false,false,KINYARWANDA,4,0.7966666666666667,0.16666666666666666,false,BIRTH_CERT,failed,transferred,9.5,1,0
3dcbb34492f6cccb285e9e61900229f6,S2115,U1124,rural,false,false,KINYARWANDA,12,0.7728571428571429,0.42857142857142855,false,DL,completed,completed,7.857142857142857,2,1
d6189e133bd28b9622f0182228464dac,S2117,U1071,rural,false,true,KINYARWANDA,14,0.8039999999999999,0.2,false,ID_REPLACEMENT,completed,completed,8.0,1,1
6ecbcc819a665c592be5f87408b48420,S2120,U1048,rural,false,false,KINYARWANDA,4,0.67,0.0,false,ID_REPLACEMENT,completed,completed,10.5,1,1
15bcbbb63bef175fe621535e8256a84c,S2128,U1099,rural,true,true,KINYARWANDA,6,0.6699999999999999,0.16666666666666666,false,BIRTH_CERT,completed,completed,7.333333333333333,2,1
5dd8a30e7d5f77101db37daa1e5a5008,S2132,U1344,rural,false,false,KINYARWANDA,9,0.755,0.1,false,DL,completed,abandoned,11.0,1,0
070728e0bd581cf9cad1cde27d3e4c06,S2133,U1145,rural,false,false,KINYARWANDA,14,0.7275,0.5,false,LAND,completed,transferred,10.75,4,0
dcb949a5d412ff8e758f7264b7f06342,S2137,U1480,urban,false,false,KINYARWANDA,5,0.795,0.5,true,ID_REPLACEMENT,failed,abandoned,8.25,4,0
9b04492e373ca1975b2a5f232a12394c,S2138,U1438,urban,false,true,KINYARWANDA,4,0.876,0.0,false,ID_REPLACEMENT,completed,abandoned,9.0,0,0
ea74bcdfe91964e9f2ec9da0a09d6c85,S2141,U1174,urban,false,false,KINYARWANDA,6,0.5866666666666667,0.3333333333333333,true,BIRTH_CERT,abandoned,abandoned,5.0,2,0
a15fbd9cb41087f11eeb59ab8ea37442,S2142,U1048,rural,false,false,KINYARWANDA,8,0.8457142857142858,0.2857142857142857,false,BIRTH_CERT,abandoned,completed,9.0,0,1
b39aef86a428f5aacb6672369277bc0a,S2143,U1482,rural,false,false,KINYARWANDA,4,0.78,0.0,false,DL,completed,completed,8.5,1,1
40d591464066d91fb2fee0153060eeba,S2147,U1118,urban,false,true,KINYARWANDA,8,0.6525,0.25,true,LAND,abandoned,abandoned,6.25,1,0
316149481ef6790524de2aa95389d629,S2148,U1148,rural,false,false,KINYARWANDA,7,0.7877777777777778,0.2222222222222222,false,ID_REPLACEMENT,completed,completed,7.888888888888889,3,1
c844cfd3a1155b480cee4bbb150c4b93,S2149,U1464,urban,false,false,KINYARWANDA,5,0.788,0.2,false,ID_REPLACEMENT,completed,abandoned,7.4,0,0
bf87e9dcc06d4d94e1d4e2407b1f5fde,S2150,U1149,rural,false,false,KINYARWANDA,10,0.7966666666666667,0.0,false,ID_REPLACEMENT,completed,abandoned,5.0,0,0
871e4143ee929c882014abea0877f6e0,S2151,U1431,urban,false,false,KINYARWANDA,9,0.87,0.0,true,LAND,completed,transferred,8.333333333333334,1,0
52b676c1daa217b1a95616be4add4a00,S2153,U1142,rural,false,false,KINYARWANDA,8,0.8300000000000001,0.25,false,LAND,completed,abandoned,6.25,0,0
671d36441a4d06056263043bad839fb3,S2155,U1475,urban,false,false,KINYARWANDA,13,0.7885714285714285,0.42857142857142855,false,ID_REPLACEMENT,failed,completed,7.285714285714286,1,1
dd7324825184e4f2fd6e15da4f533cbc,S2156,U1454,rural,false,true,KINYARWANDA,7,0.595,0.0,false,DL,completed,completed,9.0,0,1
d2065523984072bf9ac108ad8f037c89,S2159,U1137,urban,false,false,KINYARWANDA,9,0.6842857142857143,0.14285714285714285,false,DL,completed,transferred,8.857142857142858,1,0
de83b2cce98399f76c2078214236f324,S2160,U1456,rural,false,false,KINYARWANDA,13,0.7999999999999999,0.2857142857142857,false,DL,completed,completed,9.857142857142858,2,1
6306cd7ae5a507cb28adcaa609cf5ab6,S2161,U1077,rural,false,false,KINYARWANDA,7,0.7133333333333334,0.4444444444444444,false,BIRTH_CERT,completed,completed,7.666666666666667,1,1
1bc2002179ea4fd67719cca1a1d2849d,S2162,U1076,urban,false,true,KINYARWANDA,13,0.79,0.0,false,BIRTH_CERT,completed,abandoned,7.0,0,0
b1a937c8af281294e6c21a64449da4a0,S2163,U1440,rural,false,false,KINYARWANDA,5,0.86,1.0,false,ID_REPLACEMENT,abandoned,completed,9.0,0,1
b6723f167429ddcb08c8b8b13016b306,S2167,U1319,rural,false,true,KINYARWANDA,7,0.7285714285714285,0.2857142857142857,false,BIRTH_CERT,completed,transferred,7.285714285714286,1,0
e39562f0cc89e956fa1b10dcd15ef574,S2173,U1041,rural,false,false,KINYARWANDA,12,0.64,0.0,false,LAND,completed,completed,5.0,0,1
3b5ddc45e38e74ec8071d36e690e239c,S2176,U1166,rural,false,false,KINYARWANDA,7,0.7342857142857143,0.2857142857142857,false,DL,abandoned,completed,7.0,2,1
8e8a9e7a70392f57aa3d077df08e3184,S2180,U1486,rural,false,true,KINYARWANDA,10,0.7816666666666666,0.16666666666666666,false,LAND,abandoned,completed,7.833333333333333,2,1
d9b29e9d766ac62ff3e8eef6cc13b63d,S2182,U1187,rural,false,true,KINYARWANDA,10,0.8500000000000001,0.0,false,DL,completed,completed,9.5,0,1
9ac1167a6ffa8bebbc1e18b16e659e10,S2183,U1301,rural,false,false,KINYARWANDA,5,0.785,0.0,false,BIRTH_CERT,abandoned,abandoned,4.333333333333333,0,0
d62bedf46caea4e93ee0b3251ee71023,S2186,U1217,urban,false,false,KINYARWANDA,12,0.5866666666666668,0.0,false,DL,completed,completed,5.666666666666667,0,1
7a8a23166ba9629db77cf70c46e547db,S2187,U1101,urban,false,false,KINYARWANDA,14,0.54,0.0,false,ID_REPLACEMENT,completed,abandoned,6.0,0,0
7beb5ee8cfd0cea86792c906b70af7fd,S2188,U1041,rural,false,false,KINYARWANDA,8,0.715,0.0,false,LAND,completed,abandoned,9.0,0,0
2bf415740c262d358276913356068a44,S2189,U1287,rural,false,true,KINYARWANDA,14,0.835,0.0,false,BIRTH_CERT,abandoned,completed,6.0,0,1
4a4da715f8ac623821d26c186a6857a6,S2190,U1166,rural,false,false,KINYARWANDA,9,0.792,0.4,false,LAND,completed,completed,5.2,1,1
acec948d062e718fab9fb604aa18cfd4,S2195,U1228,urban,false,false,KINYARWANDA,3,0.68375,0.125,false,BIRTH_CERT,completed,completed,8.5,1,1
08f187fcfdea302c67c553cbc25c3920,S2197,U1163,rural,false,false,KINYARWANDA,5,0.8380000000000001,0.2,false,ID_REPLACEMENT,completed,completed,7.4,1,1
486aa2e2042691fff27d0ed1cc955224,S2199,U1072,rural,false,true,KINYARWANDA,3,0.48,0.0,true,DL,abandoned,completed,11.0,0,1
02c441fc0bb138fbe0b72abb688b0f47,S2202,U1378,urban,true,true,KINYARWANDA,6,0.805,0.5,true,ID_REPLACEMENT,failed,transferred,6.0,1,0
5a9973770e7ff4ac97daac40311d0805,S2210,U1129,rural,false,true,KINYARWANDA,4,0.8375,0.5,false,LAND,completed,completed,9.0,1,1
2892ebb277c2295a800f983ab507d7b4,S2211,U1443,rural,false,true,KINYARWANDA,7,0.7366666666666667,0.6666666666666666,false,DL,abandoned,transferred,6.333333333333333,0,0
186193e7798089da60f6a4ec54a0a592,S2214,U1026,rural,false,false,KINYARWANDA,14,0.79,0.125,false,ID_REPLACEMENT,completed,completed,9.875,1,1
32f0259d5af7c038946bb6e3c5ef2600,S2215,U1159,urban,false,true,KINYARWANDA,3,0.6849999999999999,0.125,false,LAND,failed,abandoned,8.875,3,0
c1a145f2abe6e334466b0fa41dd5266e,S2216,U1148,rural,false,false,KINYARWANDA,12,0.78,0.1,false,ID_REPLACEMENT,completed,completed,6.4,0,1
c1f5f25ea42dd3040a09552ecaef8174,S2217,U1263,rural,false,false,KINYARWANDA,4,0.7233333333333333,0.3333333333333333,true,LAND,failed,completed,8.0,2,1
77179cd687e76161c59552b5a13c7554,S2218,U1229,urban,false,true,KINYARWANDA,8,0.715,0.0,false,BIRTH_CERT,completed,completed,8.75,1,1
c44f51b38eda49c71c1efd0981cde89b,S2220,U1049,rural,false,true,KINYARWANDA,5,0.6342857142857143,0.2857142857142857,false,ID_REPLACEMENT,abandoned,abandoned,6.571428571428571,0,0
deb84c7950cf6cced1b84a18046978e2,S2223,U1380,rural,false,true,KINYARWANDA,14,0.6725,0.0,false,LAND,abandoned,completed,6.5,1,1
bdde723f059bfa9ef4dc8eed262aa890,S2224,U1057,rural,true,true,KINYARWANDA,11,0.8,0.0,false,DL,completed,completed,11.0,0,1
d7f98b3c8527fca7ed61abe9e7b2e8cf,S2225,U1258,rural,false,true,KINYARWANDA,4,0.7200000000000001,0.16666666666666666,false,DL,completed,completed,6.166666666666667,0,1
1b854d8057a88605b5a599e787a72e42,S2226,U1341,rural,false,false,KINYARWANDA,10,0.8140000000000001,0.4,false,DL,completed,transferred,8.4,1,0
d1da94edd30d3da86b859b7471413cdb,S2227,U1325,urban,false,true,KINYARWANDA,12,0.78,0.0,true,LAND,completed,abandoned,11.0,1,0
0fcd23e8b2ad98e042ada40e767a9a04,S2230,U1171,rural,false,false,KINYARWANDA,7,0.725,0.3333333333333333,false,LAND,failed,completed,7.666666666666667,3,1
83c66f37dcb97c6fdd80398d4fee3fc0,S2231,U1257,urban,false,false,KINYARWANDA,6,0.808,0.2,false,LAND,completed,transferred,8.0,1,0
5ccb79e2fb3a823676253bc51ba261ec,S2233,U1208,rural,false,true,KINYARWANDA,7,0.69875,0.0,false,ID_REPLACEMENT,completed,completed,9.625,1,1
ba3d48e563b823f58e48b73a92a6287f,S2234,U1290,rural,false,true,KINYARWANDA,6,0.6033333333333334,0.3333333333333333,true,ID_REPLACEMENT,abandoned,abandoned,9.666666666666666,1,0
6c725b86f615760640fa272dae0ac102,S2236,U1470,rural,false,false,KINYARWANDA,6,0.8700000000000001,0.3333333333333333,false,ID_REPLACEMENT,completed,transferred,10.333333333333334,1,0
ea082f7d32e8e5dc2ece221e39076442,S2237,U1285,rural,false,false,KINYARWANDA,12,0.728,0.2,true,BIRTH_CERT,abandoned,completed,9.0,2,1
72d1c2fd97e3778ca023e7295817e4c9,S2238,U1115,urban,false,false,KINYARWANDA,14,0.7814285714285714,0.14285714285714285,false,ID_REPLACEMENT,completed,abandoned,7.571428571428571,4,0
9c107fda16be0249ebfc70c5058df168,S2242,U1441,urban,false,true,KINYARWANDA,8,0.7266666666666666,0.0,false,BIRTH_CERT,failed,abandoned,5.333333333333333,0,0
17709fa74e7eb4e46b28a021efca4130,S2243,U1035,urban,false,false,KINYARWANDA,7,0.70625,0.375,false,LAND,completed,abandoned,10.25,2,0
6d6f6b42c8612d008a774aafac916df3,S2244,U1452,rural,false,false,KINYARWANDA,14,0.7091666666666666,0.08333333333333333,false,DL,completed,transferred,8.916666666666666,2,0
005c771e957e9e1fef0beae3fa81aa5f,S2246,U1476,rural,false,false,KINYARWANDA,9,0.764,0.2,false,ID_REPLACEMENT,completed,completed,7.2,0,1
6ee665a60d7da654792fe8f784c33043,S2247,U1286,rural,false,true,KINYARWANDA,6,0.755,0.0,false,DL,completed,completed,8.0,0,1
db4119452444276383782e678fab7dbb,S2250,U1207,urban,false,true,KINYARWANDA,9,0.7600000000000001,0.3333333333333333,false,ID_REPLACEMENT,abandoned,abandoned,6.0,1,0
240ccee1747c6a436aea5a6a228130f1,S2252,U1445,urban,true,true,KINYARWANDA,3,0.66,0.3333333333333333,false,ID_REPLACEMENT,completed,completed,7.666666666666667,3,1
97538ab8b15facda201c3e4e2d9eb741,S2253,U1157,urban,false,false,KINYARWANDA,12,0.6485714285714286,0.14285714285714285,true,ID_REPLACEMENT,completed,completed,8.285714285714286,2,1
96ea71c783f73d0c2ced692ead13f825,S2254,U1120,urban,false,false,KINYARWANDA,8,0.77,0.0,false,LAND,completed,completed,3.3333333333333335,0,1
ebb797655c11a9630b412ec2b419da1d,S2256,U1399,urban,true,false,KINYARWANDA,8,0.6928571428571428,0.14285714285714285,true,BIRTH_CERT,completed,completed,6.571428571428571,1,1
4af173f2763d5ee95c17ec089f4aebc0,S2257,U1011,urban,false,false,KINYARWANDA,14,0.726,0.2,false,ID_REPLACEMENT,completed,completed,7.4,0,1
3133e283b8a45dacd9bd8d3d1fd75b70,S2259,U1399,urban,true,false,KINYARWANDA,14,0.8814285714285715,0.0,false,ID_REPLACEMENT,completed,transferred,7.571428571428571,1,0
c93faf91141190bc9d0c622e1b0e25e4,S2260,U1395,urban,false,false,KINYARWANDA,12,0.8325,0.0,false,BIRTH_CERT,completed,completed,7.75,0,1
78030af495a6cd54eab396356ca85151,S2261,U1135,rural,false,true,KINYARWANDA,9,0.6875,0.5,false,BIRTH_CERT,failed,completed,7.75,0,1
e5f34106688e6b00fb2ff6a0aa233457,S2262,U1467,urban,false,true,KINYARWANDA,12,0.8114285714285714,0.14285714285714285,false,LAND,failed,completed,6.285714285714286,3,1
59fcbc47497c4b46c0ab0766f4833e95,S2263,U1002,urban,false,false,KINYARWANDA,8,0.75,0.14285714285714285,false,BIRTH_CERT,completed,abandoned,5.142857142857143,2,0
ed2891c04a1480ca1fb2e41978f12d6b,S2265,U1029,rural,false,false,KINYARWANDA,5,0.6599999999999999,0.0,false,LAND,failed,completed,10.0,0,1
4d26713a431cb5adc0f7cd4c22bb4111,S2266,U1236,rural,false,false,KINYARWANDA,4,0.7666666666666666,0.3333333333333333,true,DL,completed,completed,9.0,1,1
05d9e48a58d9b57a55bc733a2f9f8252,S2267,U1278,urban,false,true,KINYARWANDA,8,0.875,0.0,true,DL,completed,abandoned,2.0,1,0
b27d8ed4bba9043103f1a059ba1bad74,S2268,U1347,rural,false,true,KINYARWANDA,10,0.709,0.3,false,BIRTH_CERT,completed,abandoned,8.7,2,0
97f1c558b78e7371c21a63c97c7c4c02,S2270,U1103,rural,true,false,KINYARWANDA,12,0.735,0.16666666666666666,true,ID_REPLACEMENT,completed,abandoned,6.333333333333333,1,0
5180476c19931b6298eb64494d1f3147,S2272,U1004,rural,false,false,KINYARWANDA,10,0.8033333333333333,0.16666666666666666,false,BIRTH_CERT,completed,completed,7.166666666666667,1,1
52cc30bd92cee1cadc0918e4e6d8f7b7,S2273,U1467,urban,false,true,KINYARWANDA,7,0.7075,0.5,false,BIRTH_CERT,abandoned,abandoned,7.5,1,0
a52c272401c0c6fdfa6c7521f173829c,S2274,U1359,rural,true,false,KINYARWANDA,10,0.7016666666666667,0.16666666666666666,false,ID_REPLACEMENT,abandoned,abandoned,5.666666666666667,1,0
9904d46726e84b74838b66513f0d9e21,S2280,U1148,rural,false,false,KINYARWANDA,3,0.62,0.0,true,LAND,abandoned,transferred,11.5,0,0
55078468dcd68ca4286d9e661d520ced,S2284,U1465,rural,false,true,KINYARWANDA,14,0.7939999999999999,0.2,false,DL,completed,abandoned,11.8,0,0
a737b39618d85c0de26e8f6dbdcf6393,S2285,U1455,rural,false,false,KINYARWANDA,11,0.5825,0.25,false,BIRTH_CERT,completed,abandoned,7.75,2,0
39e2af58cf6bf993499b045a5e7b33a5,S2286,U1230,urban,false,false,KINYARWANDA,6,0.73,0.0,false,BIRTH_CERT,abandoned,completed,9.25,1,1
136caeb8a1fc777cdc434292d2810ca5,S2287,U1287,rural,false,true,KINYARWANDA,14,0.70625,0.125,false,ID_REPLACEMENT,abandoned,abandoned,8.75,1,0
f59c977855cd13240d65c390a2295379,S2289,U1271,urban,false,false,KINYARWANDA,13,0.799090909090909,0.36363636363636365,false,LAND,failed,completed,8.0,2,1
86daa1ec2335f3072bda4dc7bdfe5e7a,S2290,U1459,rural,false,false,KINYARWANDA,12,0.6,0.0,false,ID_REPLACEMENT,completed,transferred,6.0,0,0
a0e111d335103c21d2ce1ab638cbd344,S2291,U1037,rural,false,false,KINYARWANDA,11,0.88,0.0,false,DL,completed,completed,5.5,0,1
78a47924afba409aae769e74395c477f,S2293,U1225,rural,false,false,KINYARWANDA,12,0.7477777777777779,0.3333333333333333,false,LAND,completed,completed,7.111111111111111,3,1
a6a966bee5b52ba92fcf26b9962ef09d,S2295,U1291,rural,false,true,KINYARWANDA,12,0.716,0.0,false,ID_REPLACEMENT,completed,abandoned,7.0,0,0
260ac39ab5e86da935d343663d9277c7,S2297,U1150,urban,true,false,KINYARWANDA,13,0.88,0.5,false,DL,completed,transferred,7.0,1,0
0950b69828ef1f460b97d830b12ded57,S2300,U1065,rural,false,false,KINYARWANDA,11,0.83,0.375,false,ID_REPLACEMENT,completed,completed,5.625,3,1
f3e6e3b4bd5e3e9d64f1e2e5cc408feb,S2301,U1360,rural,false,false,KINYARWANDA,6,0.73,0.16666666666666666,false,DL,completed,abandoned,6.666666666666667,1,0
cf4b5a5d51ea62d4c1406eb43c774fd9,S2305,U1248,urban,false,false,KINYARWANDA,10,0.745,0.0,false,DL,completed,completed,7.0,0,1
4efd456edb90f6197ea6964cded33157,S2307,U1448,rural,false,false,KINYARWANDA,7,0.8036363636363636,0.09090909090909091,false,BIRTH_CERT,completed,completed,7.181818181818182,1,1
9fbeb46b42ad73a31ba147bbd2651ad8,S2308,U1330,rural,false,false,KINYARWANDA,4,0.7866666666666667,0.0,true,LAND,completed,completed,6.333333333333333,0,1
4e06515b9534684684f4694260e3bac2,S2311,U1189,rural,false,false,KINYARWANDA,7,0.8300000000000001,0.3333333333333333,true,ID_REPLACEMENT,completed,completed,10.333333333333334,0,1
1650d810d61d3513b93ee65e6725e9c9,S2312,U1406,rural,false,false,KINYARWANDA,4,0.825,0.5,false,ID_REPLACEMENT,completed,abandoned,11.5,0,0
b0a56439605def7c7ea380e4ee70f89a,S2313,U1153,rural,false,false,KINYARWANDA,6,0.9,0.0,false,LAND,failed,completed,9.0,0,1
3c4e80f3718e164693a04394acc1e885,S2314,U1195,rural,false,false,KINYARWANDA,5,0.7133333333333333,0.0,false,BIRTH_CERT,completed,completed,8.666666666666666,1,1
87e34a7ddbb5909960a131f0c240375e,S2315,U1465,rural,false,true,KINYARWANDA,5,0.77,0.6,false,BIRTH_CERT,completed,abandoned,7.8,1,0
2063b9e808d8ce2a6715af4cc424de13,S2317,U1261,urban,false,false,KINYARWANDA,8,0.8166666666666668,0.0,false,ID_REPLACEMENT,abandoned,transferred,8.833333333333334,2,0
cc715ba9cfbd367944400a7f60ad2460,S2320,U1426,rural,false,true,KINYARWANDA,10,0.745,0.5,false,LAND,abandoned,transferred,9.75,1,0
115fbcce32ffd6605acebf0ad705ad00,S2324,U1100,rural,false,true,KINYARWANDA,9,0.8114285714285714,0.7142857142857143,false,BIRTH_CERT,abandoned,completed,8.857142857142858,2,1
e2f69326631f4b2fe4ee2046c9d65e91,S2326,U1489,urban,false,true,KINYARWANDA,3,0.65,0.0,false,ID_REPLACEMENT,abandoned,abandoned,8.333333333333334,0,0
ac7aef905b2a83bdcf751c386467ebec,S2327,U1011,urban,false,false,KINYARWANDA,13,0.67,0.0,false,LAND,completed,transferred,8.75,0,0
dfa547d4c26dce7852b8935006209b0e,S2328,U1238,urban,false,false,KINYARWANDA,4,0.655,0.125,false,ID_REPLACEMENT,completed,completed,8.0,2,1
a8a890fef1ebdf8807c2bafa669b0254,S2329,U1048,rural,false,false,KINYARWANDA,12,0.66875,0.125,false,ID_REPLACEMENT,failed,completed,7.125,1,1
93576593841f55d7eaa8a03b76d40ac3,S2330,U1041,rural,false,false,KINYARWANDA,12,0.7799999999999999,0.6666666666666666,false,LAND,failed,abandoned,9.166666666666666,1,0
69ac8d0983d68e95a5962a71a97a0ec3,S2331,U1165,urban,false,false,KINYARWANDA,6,0.6483333333333333,0.0,true,LAND,abandoned,completed,9.5,1,1
4f95bf892ff7d02fcdffc1073117e227,S2332,U1081,urban,false,true,KINYARWANDA,3,0.74,0.25,false,DL,completed,completed,8.75,2,1
05afdca3ed40efab7d418760e2b6374f,S2334,U1290,rural,false,true,KINYARWANDA,11,0.712,0.2,false,DL,failed,completed,6.6,1,1
3c8db51c445f7c353593150c3ca52711,S2336,U1215,rural,false,true,KINYARWANDA,12,0.82,0.0,false,DL,abandoned,transferred,5.0,0,0
2da57090362d8960c4d8024a02020467,S2337,U1489,urban,false,true,KINYARWANDA,5,0.61,0.0,false,DL,abandoned,transferred,5.5,0,0
69d0e54ec2c97656709798b83ea64e85,S2339,U1461,urban,false,false,KINYARWANDA,7,0.71,0.0,false,LAND,completed,completed,6.2,1,1
498c7ad9b7d2ac7841a834c99ab506c2,S2340,U1133,rural,false,true,KINYARWANDA,5,0.81,0.0,false,LAND,completed,completed,10.0,0,1
e32e5138fd0718a813da7616821b0ee4,S2341,U1066,rural,false,true,KINYARWANDA,12,0.768,0.0,false,DL,completed,transferred,9.0,1,0
ac777407fcdd9cbc3e2d231c15739dc5,S2345,U1013,rural,false,true,KINYARWANDA,3,0.58,0.6666666666666666,false,BIRTH_CERT,completed,abandoned,8.0,0,0
34ec2853f326644d7b29f3fc8572c70c,S2346,U1072,rural,false,true,KINYARWANDA,14,0.8033333333333333,0.3333333333333333,false,LAND,failed,completed,7.0,0,1
f8126c9fc2712ccd8d79d7d41113739a,S2347,U1398,urban,true,false,KINYARWANDA,10,0.6922222222222223,0.2222222222222222,false,DL,completed,abandoned,8.0,2,0
641bb21d83a7681c0a497ba9483cdf5f,S2348,U1404,rural,false,false,KINYARWANDA,4,0.7466666666666667,0.0,true,BIRTH_CERT,completed,completed,6.666666666666667,1,1
9b675c1a9981fcf60ed39cfa905748f6,S2350,U1065,rural,false,false,KINYARWANDA,11,0.7328571428571429,0.14285714285714285,false,BIRTH_CERT,abandoned,completed,5.428571428571429,1,1
63e05e0c394b960a875de0387a75dcda,S2351,U1346,urban,true,true,KINYARWANDA,10,0.69,0.5,true,LAND,completed,abandoned,8.0,1,0
5f8548d25c41fdfe066a8fb5ad61c4fc,S2353,U1418,urban,false,false,KINYARWANDA,11,0.76,0.0,true,ID_REPLACEMENT,failed,completed,6.25,0,1
84583fa9478d39f3f00e3dce63e3e9e6,S2355,U1205,rural,false,false,KINYARWANDA,12,0.8,0.0,false,BIRTH_CERT,completed,abandoned,8.5,0,0
90a3409b63853da5ad7baa16cb0cc145,S2356,U1275,rural,false,true,KINYARWANDA,8,0.6266666666666666,0.0,true,LAND,completed,completed,7.5,2,1
6f8af1c7c49379696104d833a3537bb4,S2357,U1465,rural,false,true,KINYARWANDA,5,0.5775,0.0,false,BIRTH_CERT,completed,completed,8.75,0,1
3882595a41c7f544f6b72fcc95111ac6,S2359,U1265,urban,false,true,KINYARWANDA,12,0.812857142857143,0.0,false,ID_REPLACEMENT,failed,abandoned,9.142857142857142,1,0
be13724bb5898efdd6996f671e871434,S2362,U1280,urban,false,false,KINYARWANDA,12,0.77,0.25,false,LAND,completed,completed,2.5,2,1
d4e34f3ff772c9a876488d8a1634e3f2,S2363,U1252,urban,false,true,KINYARWANDA,12,0.7633333333333333,0.3333333333333333,false,LAND,completed,abandoned,10.0,0,0
d5e92046c57857b428b16d4511c85a0b,S2364,U1309,rural,false,false,KINYARWANDA,14,0.72,0.25,false,LAND,abandoned,transferred,7.5,3,0
e43bf180e4aa6079a18206bbb99f84bc,S2365,U1288,rural,false,true,KINYARWANDA,4,0.7683333333333334,0.16666666666666666,false,DL,completed,completed,5.5,0,1
245abab085503dd4b4abe0eac513e7fd,S2367,U1094,urban,false,true,KINYARWANDA,14,0.744,0.2,false,ID_REPLACEMENT,completed,completed,8.5,4,1
0f2cb0819691545c09b63052dabd8d4c,S2368,U1269,rural,false,true,KINYARWANDA,14,0.76375,0.25,false,ID_REPLACEMENT,completed,completed,6.625,2,1
6bf2696bfe1aa090bb1658f15a6ce080,S2370,U1109,rural,false,true,KINYARWANDA,7,0.766,0.4,false,ID_REPLACEMENT,abandoned,completed,5.4,1,1
a40f10e7f5b1ddcc5c0ee91a2fb4aa7a,S2371,U1335,rural,false,false,KINYARWANDA,8,0.69,0.25,false,LAND,failed,completed,8.375,2,1
7a19628fad79ecbe67bafc1227573483,S2372,U1309,rural,false,false,KINYARWANDA,14,0.75,0.0,false,ID_REPLACEMENT,completed,completed,5.5,0,1
a38b0c9d669ed79800ddf08e67600b94,S2376,U1386,rural,false,false,KINYARWANDA,12,0.7233333333333333,0.3333333333333333,false,LAND,failed,completed,7.333333333333333,0,1
e6deef58d1c69c5e3a158734dd1728f2,S2377,U1482,rural,false,false,KINYARWANDA,12,0.7200000000000001,0.5,false,LAND,failed,completed,7.333333333333333,3,1
17715a882812477a10203179fb7b2678,S2381,U1140,urban,true,false,KINYARWANDA,10,0.79,0.14285714285714285,false,BIRTH_CERT,completed,completed,6.142857142857143,1,1
6f32891e261cc6009a2a756325de833c,S2382,U1116,urban,true,true,KINYARWANDA,14,0.82,0.2,false,DL,completed,completed,5.2,2,1
4fd9292373e82bc2821d200e0d2bacf6,S2384,U1391,rural,false,true,KINYARWANDA,7,0.7775,0.25,false,BIRTH_CERT,abandoned,completed,7.5,1,1
ee0228abc2b37eb004fee9a04cb3126d,S2386,U1481,urban,false,true,KINYARWANDA,13,0.866,0.4,false,BIRTH_CERT,completed,completed,6.2,0,1
94072a7d966cfa05b1a282070ac235ec,S2388,U1024,rural,false,false,KINYARWANDA,6,0.65,0.4,false,DL,completed,completed,9.2,2,1
229cab7b01c3d8bc63730e150b1c425d,S2389,U1078,rural,false,true,KINYARWANDA,11,0.724,0.2,true,DL,completed,completed,8.8,2,1
0e339ca6b1485f660fb380a379d33c49,S2390,U1067,urban,false,true,KINYARWANDA,7,0.7728571428571429,0.14285714285714285,false,DL,completed,completed,7.857142857142857,0,1
c4c88c3ef4b47aeb9dd672602d6ab49f,S2391,U1172,rural,true,false,KINYARWANDA,4,0.7071428571428572,0.14285714285714285,false,ID_REPLACEMENT,completed,completed,8.0,0,1
f4188df680090de7eabf8c3aed1e39a1,S2393,U1011,urban,false,false,KINYARWANDA,10,0.6916666666666668,0.0,false,ID_REPLACEMENT,failed,abandoned,9.5,0,0
f88dec858284506b1d27d9fd1eac7069,S2395,U1127,urban,false,true,KINYARWANDA,10,0.7957142857142857,0.14285714285714285,false,DL,completed,completed,7.428571428571429,2,1
29497ab0997a889442261db64590e31a,S2398,U1140,urban,true,false,KINYARWANDA,6,0.7838461538461539,0.23076923076923078,false,LAND,completed,completed,7.230769230769231,6,1
107f0f61eda29948435c1682fe6523f8,S2399,U1030,urban,false,true,KINYARWANDA,7,0.696,0.0,false,ID_REPLACEMENT,completed,completed,10.0,1,1
673f94b4f689baa7f9f7e014beb945dc,S2400,U1333,rural,false,false,KINYARWANDA,8,0.8116666666666666,0.16666666666666666,false,DL,completed,completed,7.833333333333333,1,1
72656f6d360c683fa9468bdb606b1de0,S2401,U1019,rural,false,true,KINYARWANDA,3,0.6625,0.25,false,BIRTH_CERT,completed,abandoned,6.5,0,0
bf5e6af132b33902104131bf8ec0b537,S2405,U1446,urban,false,false,KINYARWANDA,12,0.75,0.5,false,LAND,failed,completed,5.5,2,1
f2768c4782916c3c7b80f027549c7d00,S2408,U1348,rural,false,false,KINYARWANDA,7,0.7799999999999999,0.3333333333333333,false,BIRTH_CERT,completed,abandoned,10.666666666666666,1,0
c6212be55da54a37ab45075d9056c577,S2409,U1042,rural,false,true,KINYARWANDA,3,0.7949999999999999,0.5,false,LAND,failed,completed,7.5,1,1
cde03841148ea9a054f8ff5c1c94bc20,S2410,U1253,rural,false,true,KINYARWANDA,13,0.7133333333333334,0.0,true,DL,failed,abandoned,7.333333333333333,1,0
b897fb70a8cb541b3a7e970515e1bf8d,S2412,U1059,rural,false,false,KINYARWANDA,10,0.835,0.0,false,BIRTH_CERT,completed,transferred,9.5,0,0
33eba732d1c07164e6c786c26c4bd805,S2414,U1466,rural,false,false,KINYARWANDA,13,0.7799999999999999,0.0,false,DL,abandoned,transferred,7.833333333333333,0,0
734ffb7b6ad7ffbb09ecca52435cbf46,S2415,U1286,rural,false,true,KINYARWANDA,6,0.776,0.2,false,DL,abandoned,completed,7.2,0,1
6fbf22aabd9d82e0519919cbcbf8e9d1,S2416,U1498,urban,false,true,KINYARWANDA,10,0.84,0.3333333333333333,false,BIRTH_CERT,abandoned,abandoned,6.0,1,0
f293143246bb2234c8c2136f8e284bd9,S2417,U1004,rural,false,false,KINYARWANDA,7,0.7566666666666667,0.0,false,DL,abandoned,completed,11.0,0,1
272b79027bb06ad8b114349dc5c9ecb9,S2419,U1417,rural,false,true,KINYARWANDA,11,0.8211111111111111,0.1111111111111111,false,BIRTH_CERT,failed,completed,8.222222222222221,3,1
4fe8f691a5af4307e64a4d271553e052,S2420,U1265,urban,false,true,KINYARWANDA,14,0.796,0.2,false,DL,failed,completed,8.0,3,1
757af3657ad4c39ecf68bbf7e29f389c,S2421,U1344,rural,false,false,KINYARWANDA,14,0.73,0.25,false,DL,completed,completed,11.0,1,1
3dd01e47fe50d23d61257735ada966f0,S2422,U1129,rural,false,true,KINYARWANDA,12,0.7733333333333333,0.3333333333333333,false,BIRTH_CERT,completed,completed,7.0,3,1
f988887f697dfeb0e34e3bd63c34aca7,S2423,U1381,urban,false,true,KINYARWANDA,7,0.7625,0.0,false,BIRTH_CERT,abandoned,completed,7.0,1,1
d694ac08deb8a7f71c2ce3ccd6892e91,S2424,U1266,urban,false,true,KINYARWANDA,3,0.74,0.5,false,LAND,completed,transferred,11.0,1,0
07d5aeaf4b2cec7293830dd13545b39f,S2426,U1252,urban,false,true,KINYARWANDA,11,0.7528571428571428,0.42857142857142855,false,ID_REPLACEMENT,completed,completed,7.571428571428571,2,1
f9a297f0e292f99db21784ae310f0bc5,S2427,U1414,urban,false,false,KINYARWANDA,14,0.7744444444444444,0.3333333333333333,true,LAND,completed,transferred,6.888888888888889,3,0
a506251863963defeae5bde5ab67c921,S2429,U1462,urban,false,true,KINYARWANDA,8,0.6566666666666667,0.0,true,ID_REPLACEMENT,abandoned,completed,10.166666666666666,0,1
2fc6d6894813d5b4e41bf53645f197b3,S2431,U1470,rural,false,false,KINYARWANDA,8,0.82,0.16666666666666666,true,ID_REPLACEMENT,failed,abandoned,6.333333333333333,2,0
db405500df76761f539d9a02356f3f31,S2433,U1392,rural,false,true,KINYARWANDA,10,0.7683333333333334,0.0,false,DL,abandoned,completed,8.0,0,1
fc0159b4fca77c70e7fc04ba58a14758,S2435,U1148,rural,false,false,KINYARWANDA,7,0.7399999999999999,0.3333333333333333,true,ID_REPLACEMENT,abandoned,completed,7.666666666666667,1,1
b81c1b861328c7dcf1c2be0b140f6475,S2436,U1328,rural,false,false,KINYARWANDA,4,0.8300000000000001,0.0,false,DL,completed,completed,6.333333333333333,0,1
087cc4c1f7b33d029fd6122d150ab9b9,S2439,U1493,rural,false,true,KINYARWANDA,12,0.6671428571428571,0.2857142857142857,false,BIRTH_CERT,abandoned,abandoned,8.142857142857142,2,0
75d73c63fd694fda1ea9356f8dfee63c,S2441,U1262,rural,false,true,KINYARWANDA,13,0.8333333333333334,0.6666666666666666,true,LAND,completed,completed,10.666666666666666,2,1
c93b62a6d735657f1e0e1f30e5387747,S2442,U1079,rural,false,false,KINYARWANDA,12,0.716,0.2,false,DL,completed,completed,9.8,0,1
a2755933e2b20c9c87ca64767533c5b0,S2444,U1251,rural,false,false,KINYARWANDA,6,0.735,0.0,false,LAND,failed,completed,9.0,0,1
eca13e78a820c20124e75854803b9750,S2445,U1096,rural,false,true,KINYARWANDA,7,0.78625,0.25,false,DL,failed,completed,7.75,1,1
e4ac2e98bcff808aa9bd268a1fd013b7,S2446,U1259,rural,false,false,KINYARWANDA,3,0.7200000000000001,0.3333333333333333,false,DL,completed,abandoned,8.333333333333334,1,0
e6913cf89d213d59891ab60baaac3513,S2447,U1259,rural,false,false,KINYARWANDA,9,0.7133333333333334,0.6666666666666666,false,ID_REPLACEMENT,completed,completed,6.666666666666667,0,1
6872cacc7cb29108153b51928a36dc5d,S2452,U1358,urban,false,true,KINYARWANDA,5,0.72625,0.125,false,ID_REPLACEMENT,abandoned,transferred,7.625,1,0
2dfde9b3df50e8ca69792dc7b4dfc362,S2456,U1307,rural,false,false,KINYARWANDA,8,0.865,0.5,false,BIRTH_CERT,completed,completed,11.25,0,1
fa7bc752c53d2a3b950cb2c95eaf513e,S2457,U1419,urban,false,false,KINYARWANDA,7,0.7214285714285714,0.2857142857142857,false,DL,abandoned,completed,9.714285714285714,3,1
427323d7a7a34901ea8e10ae485fce6c,S2458,U1123,rural,false,false,KINYARWANDA,5,0.8233333333333333,0.6666666666666666,false,ID_REPLACEMENT,completed,transferred,10.0,1,0
b0742bec09943bcf7267b6da72ee55ba,S2459,U1421,urban,false,false,KINYARWANDA,8,0.842,0.0,false,ID_REPLACEMENT,completed,abandoned,9.4,1,0
bd0361b8b72095a8d86432a84ee95344,S2460,U1230,urban,false,false,KINYARWANDA,5,0.6,0.0,false,DL,completed,completed,9.0,0,1
faf92354d7cc81256ccd098b48f1c3ac,S2462,U1062,urban,false,false,KINYARWANDA,14,0.8457142857142858,0.14285714285714285,false,BIRTH_CERT,completed,completed,7.285714285714286,2,1
1c0cfc5639b33fd6bf4544f50be58da8,S2463,U1484,rural,false,true,KINYARWANDA,8,0.8939999999999999,0.4,false,ID_REPLACEMENT,completed,abandoned,6.8,2,0
6b8a9b9d84f1bb3efba073288a7f0d34,S2464,U1115,urban,false,false,KINYARWANDA,6,0.74,0.25,false,LAND,completed,transferred,9.125,2,0
a6034c5ae5e60e0fc8aae5e8f9a03189,S2466,U1061,rural,false,false,KINYARWANDA,10,0.68,0.0,true,BIRTH_CERT,completed,completed,10.0,1,1
fa2f56b1a1323250b08607bfcb39a51d,S2469,U1006,rural,false,false,KINYARWANDA,9,0.795,0.25,false,ID_REPLACEMENT,abandoned,completed,8.25,2,1
aa4c9ab6dc2ca81fba3d3f10b80c934a,S2470,U1154,urban,false,false,KINYARWANDA,14,0.8300000000000001,0.0,false,DL,failed,completed,11.333333333333334,0,1
f78e321acc9f0bf5e26244c62706a2af,S2471,U1091,urban,false,false,KINYARWANDA,4,0.675,0.0,true,ID_REPLACEMENT,failed,abandoned,7.0,1,0
18af6171efacf70c5d57d57a1b77caf3,S2472,U1469,urban,false,false,KINYARWANDA,6,0.794,0.2,true,LAND,completed,abandoned,8.0,0,0
ffa118bce902fe29a15b9d459c2cf6f4,S2474,U1454,rural,false,true,KINYARWANDA,5,0.71625,0.125,false,LAND,failed,abandoned,8.125,2,0
f43a6430a288821b47eed26ab20d945b,S2476,U1085,rural,false,false,KINYARWANDA,7,0.7766666666666667,0.0,false,DL,completed,completed,8.0,0,1
2566338a70b9f8d1098ae0de10a21399,S2477,U1132,rural,false,true,KINYARWANDA,4,0.66125,0.375,true,ID_REPLACEMENT,completed,completed,7.125,4,1
a8a26bb0ebe2dbc7f2cd42edc55695b2,S2479,U1385,urban,false,true,KINYARWANDA,5,0.772,0.2,false,ID_REPLACEMENT,completed,completed,5.2,2,1
a950a83bab383a7c16ecbe2740cbae28,S2480,U1061,rural,false,false,KINYARWANDA,11,0.7766666666666667,0.6666666666666666,true,ID_REPLACEMENT,abandoned,completed,9.666666666666666,3,1
6c967639ca6b01da131a07ff284744a8,S2481,U1218,urban,false,false,KINYARWANDA,9,0.758,0.0,true,DL,completed,completed,8.0,2,1
d11cd12822944645bbc0d473d62625b1,S2482,U1404,rural,false,false,KINYARWANDA,4,0.8022222222222222,0.1111111111111111,false,DL,completed,transferred,8.777777777777779,2,0
3c8cb32749de3154a25dec67deb3fb40,S2483,U1245,urban,false,false,KINYARWANDA,11,0.7711111111111112,0.0,false,DL,completed,completed,9.555555555555555,1,1
0b8d75a9a0626fe0afa21c24dca537d0,S2485,U1078,rural,false,true,KINYARWANDA,11,0.7033333333333333,0.0,true,BIRTH_CERT,completed,completed,11.0,1,1
1bd8a8b4957b4c474937f70dbf520f12,S2489,U1313,urban,false,false,KINYARWANDA,14,0.7266666666666667,0.0,true,LAND,abandoned,completed,4.666666666666667,0,1
557e658ae21c75fe4aa7681b7161f67d,S2491,U1422,rural,false,true,KINYARWANDA,7,0.74,0.4,true,ID_REPLACEMENT,completed,abandoned,5.4,2,0
eb594a7963a0957df4e7ffac6e5744b8,S2492,U1388,urban,true,false,KINYARWANDA,4,0.7783333333333333,0.6666666666666666,false,ID_REPLACEMENT,abandoned,completed,5.333333333333333,2,1
cf0ab4f6c851ee2ee1a4839c294298a1,S2493,U1064,rural,false,true,KINYARWANDA,12,0.6725,0.0,true,LAND,completed,completed,8.5,1,1
5418fed76cad715a3dc9f6317746d037,S2495,U1212,urban,false,true,KINYARWANDA,9,0.7625,0.0,false,BIRTH_CERT,failed,abandoned,8.0,0,0
1a4170f1825bd7ec691974109b9dae6b,S2497,U1241,urban,false,false,KINYARWANDA,3,0.8375,0.0,true,LAND,completed,completed,6.25,0,1
ade9b81545c1601200157c839597abb3,S2498,U1492,rural,false,true,KINYARWANDA,13,0.6933333333333334,0.3333333333333333,true,DL,abandoned,transferred,9.333333333333334,1,0
67b8549b7552ae13650be7b0b0f890c0,S2500,U1180,rural,false,false,KINYARWANDA,10,0.78,0.5,false,ID_REPLACEMENT,failed,abandoned,8.0,1,0
bc60b54af8a81efeadd41d7c0f319496,S2503,U1172,rural,true,false,KINYARWANDA,8,0.82125,0.25,false,ID_REPLACEMENT,failed,completed,6.875,1,1
38900691c3cc4506c0243693e64493c0,S2504,U1159,urban,false,true,KINYARWANDA,9,0.7849999999999999,0.0,false,BIRTH_CERT,completed,completed,6.5,0,1
745480002c1a0c8ffa55b5aacb23e51e,S2505,U1163,rural,false,false,KINYARWANDA,12,0.7685714285714286,0.14285714285714285,false,ID_REPLACEMENT,abandoned,abandoned,8.428571428571429,2,0
743971a9aaefc6052dca810bb38febd0,S2507,U1482,rural,false,false,KINYARWANDA,8,0.7283333333333334,0.16666666666666666,true,LAND,failed,abandoned,7.5,2,0
e9c7e274b289bc2e9b892c0ec5dc634e,S2509,U1187,rural,false,true,KINYARWANDA,8,0.67,0.0,false,ID_REPLACEMENT,failed,abandoned,8.5,0,0
e499ec422bb912a560bfee4f14487cb2,S2512,U1404,rural,false,false,KINYARWANDA,13,0.72,0.0,true,LAND,completed,abandoned,11.0,1,0
890d32554e3fcf373d397624c2a6a8ff,S2513,U1307,rural,false,false,KINYARWANDA,11,0.7366666666666667,0.3333333333333333,false,BIRTH_CERT,failed,completed,8.0,0,1
41514453c744da1d8274821eb9fc1fc5,S2515,U1182,urban,false,false,KINYARWANDA,9,0.692,0.1,false,LAND,abandoned,abandoned,7.8,1,0
792167c8811719d5e14300cca291fbae,S2516,U1116,urban,true,true,KINYARWANDA,9,0.795,0.25,false,BIRTH_CERT,failed,completed,8.25,1,1
2e96f4bf15d86d36cd3720eb008d1148,S2518,U1195,rural,false,false,KINYARWANDA,3,0.6866666666666666,0.3333333333333333,false,DL,completed,abandoned,9.166666666666666,2,0
c10b7341fb4b9b153e51c1d4478472ba,S2520,U1051,urban,false,false,KINYARWANDA,10,0.736,0.2,false,DL,abandoned,transferred,9.2,1,0
7b0dd048521b6dc31345f18967c23049,S2521,U1111,rural,false,true,KINYARWANDA,9,0.8409090909090909,0.18181818181818182,false,ID_REPLACEMENT,completed,completed,8.727272727272727,3,1
15769de0d3222d29b8b464325a80fe4e,S2522,U1251,rural,false,false,KINYARWANDA,10,0.79,0.5,false,DL,failed,completed,5.5,1,1
40b0dc42a0326aab4f47b93540d74289,S2523,U1081,urban,false,true,KINYARWANDA,5,0.6033333333333334,0.3333333333333333,true,BIRTH_CERT,completed,completed,11.333333333333334,2,1
846a84422c00288e5e415535328ec90b,S2524,U1231,rural,false,true,KINYARWANDA,13,0.6485714285714286,0.14285714285714285,false,LAND,failed,completed,8.285714285714286,1,1
2e1cb7975d85e67193af8f73ffadcb8e,S2529,U1412,urban,false,true,KINYARWANDA,14,0.8475,0.0,true,ID_REPLACEMENT,failed,abandoned,6.75,0,0
2e4d5f9f98cfc80a99138d3fd3ee1109,S2530,U1421,urban,false,false,KINYARWANDA,12,0.7775,0.16666666666666666,false,DL,completed,abandoned,6.583333333333333,3,0
66dfa2269ca75084657a6d7dfbd996d7,S2534,U1396,urban,false,true,KINYARWANDA,14,0.736,0.2,false,LAND,completed,completed,7.4,2,1
438d3d8a66846b095b2685efee974ee0,S2536,U1104,urban,false,false,KINYARWANDA,5,0.8225,0.5,false,LAND,abandoned,abandoned,8.0,1,0
d234a12b95aa1ea5c6c4688412b519f1,S2537,U1191,urban,false,false,KINYARWANDA,8,0.84,0.6666666666666666,false,LAND,abandoned,completed,12.333333333333334,1,1
e8ebad75b17857d5d1ae106f10bcc89b,S2539,U1119,rural,false,true,KINYARWANDA,8,0.7475,0.75,false,BIRTH_CERT,completed,completed,7.5,1,1
ceb32d18cbdd6a3e211e578ce5f58211,S2541,U1424,rural,false,false,KINYARWANDA,11,0.7628571428571428,0.0,false,ID_REPLACEMENT,completed,completed,7.285714285714286,2,1
5c7b16c13d7c6ec85a650f19c16c3e18,S2543,U1129,rural,false,true,KINYARWANDA,9,0.76,0.0,true,ID_REPLACEMENT,failed,abandoned,5.6,1,0
132aaab047343ff6a54c15eaec662c60,S2544,U1059,rural,false,false,KINYARWANDA,14,0.7749999999999999,1.0,false,DL,completed,completed,3.0,1,1
5d674fc5532f39b4b23e655ebe0c6d9b,S2546,U1028,rural,true,true,KINYARWANDA,14,0.6233333333333334,0.0,true,BIRTH_CERT,abandoned,transferred,8.333333333333334,1,0
b9091a053ea04f1d537bffd44dba844b,S2550,U1313,urban,false,false,KINYARWANDA,6,0.7050000000000001,0.0,false,LAND,completed,abandoned,10.0,0,0
0ff33c502ca49eac8089b5a15a8d102d,S2551,U1443,rural,false,true,KINYARWANDA,14,0.8375,0.25,false,ID_REPLACEMENT,completed,abandoned,9.0,1,0
2d3f142630b9a95078b5cee8c9c4f36b,S2554,U1283,rural,false,true,KINYARWANDA,8,0.62,0.5,false,ID_REPLACEMENT,abandoned,transferred,9.25,1,0
40ef1775a86e4a16c366e610a5f564d2,S2555,U1202,rural,false,true,KINYARWANDA,7,0.768,0.2,false,DL,completed,transferred,7.4,2,0
44f6baca90a3663006c8ced510912c81,S2556,U1246,rural,false,true,KINYARWANDA,6,0.715,0.16666666666666666,false,BIRTH_CERT,completed,completed,6.833333333333333,2,1
61dc7eba10336f362991548a4a668eae,S2557,U1289,rural,false,true,KINYARWANDA,9,0.75,0.0,false,LAND,failed,completed,10.25,0,1
6b7a67bed0cc836bc221e2354cd2896a,S2560,U1213,rural,false,false,KINYARWANDA,7,0.77125,0.25,false,BIRTH_CERT,abandoned,abandoned,6.0,0,0
bcfaecf4770ee67b6230050c2d2b593e,S2561,U1199,urban,false,true,KINYARWANDA,3,0.7344444444444445,0.2222222222222222,false,BIRTH_CERT,completed,completed,8.777777777777779,2,1
850d222c9abae68c927b0aac063ddd67,S2562,U1432,urban,false,false,KINYARWANDA,4,0.7925,0.0,false,LAND,completed,abandoned,4.75,0,0
23c4c44a0ee4015e2b2572dff25cad73,S2563,U1078,rural,false,true,KINYARWANDA,7,0.8033333333333333,0.16666666666666666,false,DL,completed,abandoned,7.0,1,0
b9265f8cd6f39420f34754ae3b3c55e4,S2565,U1443,rural,false,true,KINYARWANDA,4,0.7683333333333334,0.5,false,LAND,completed,completed,6.333333333333333,2,1
85e1eb78bf6c03d5f565bcfc3fa52db0,S2568,U1172,rural,true,false,KINYARWANDA,6,0.7375,0.25,false,LAND,abandoned,completed,10.75,0,1
79b114d7a7266b798024ac756798b4eb,S2569,U1466,rural,false,false,KINYARWANDA,6,0.8719999999999999,0.0,false,DL,failed,completed,8.6,0,1
9a721a086618c9f2557e9d8323f76a80,S2572,U1427,urban,false,false,KINYARWANDA,9,0.766,0.2,false,LAND,abandoned,abandoned,8.0,0,0
011bf32e44e0f6e99abacbbe0ca674ad,S2576,U1007,urban,false,false,KINYARWANDA,6,0.755,0.5,false,BIRTH_CERT,completed,transferred,7.75,1,0
789d3f14e2da3f7b1abc00db09014228,S2577,U1332,rural,false,true,KINYARWANDA,13,0.6333333333333333,0.0,true,ID_REPLACEMENT,completed,completed,9.333333333333334,1,1
91c8d182dcf137e3d4d0d42dce638e16,S2578,U1199,urban,false,true,KINYARWANDA,4,0.7414285714285714,0.14285714285714285,false,LAND,abandoned,transferred,9.0,1,0
2127c20e930680827b63a2ed330d909d,S2580,U1042,rural,false,true,KINYARWANDA,7,0.763,0.6,false,ID_REPLACEMENT,completed,completed,8.2,6,1
8f2dfb4f412d3c0764c12e2a218262e7,S2583,U1434,rural,false,true,KINYARWANDA,12,0.7185714285714286,0.14285714285714285,false,DL,abandoned,completed,6.0,1,1
7a5372e95fc97e64ff97089baeca73ea,S2586,U1151,rural,false,false,KINYARWANDA,7,0.7433333333333333,0.16666666666666666,false,LAND,completed,transferred,8.0,2,0
ec86d6463ae9c7b4a7dd553f31abdf9b,S2587,U1016,rural,false,true,KINYARWANDA,12,0.782,0.0,false,DL,completed,completed,11.6,1,1
afa377f92507161cc2302ab9b559da6e,S2588,U1132,rural,false,true,KINYARWANDA,12,0.78,0.42857142857142855,false,ID_REPLACEMENT,completed,completed,7.571428571428571,2,1
7223915843f2374ac2118d57a5440d94,S2589,U1147,rural,false,false,KINYARWANDA,12,0.7677777777777778,0.2222222222222222,false,BIRTH_CERT,failed,abandoned,7.555555555555555,3,0
992259fb45b4822399d445300ce43302,S2590,U1276,urban,false,true,KINYARWANDA,8,0.67,0.2,false,DL,completed,abandoned,9.4,1,0
8e4a60c57b775bf9554d6004fd06a5bb,S2592,U1313,urban,false,false,KINYARWANDA,14,0.76,0.0,false,BIRTH_CERT,completed,completed,7.0,1,1
d834620fdd62dc71ba99d282c9bc0ee5,S2593,U1414,urban,false,false,KINYARWANDA,5,0.7,0.0,false,LAND,completed,abandoned,3.0,0,0
e3a821834376a7be7660bd5b2444cd46,S2597,U1435,urban,false,true,KINYARWANDA,14,0.7799999999999999,0.0,true,DL,abandoned,abandoned,10.666666666666666,0,0
110c018d31cb3d9be7aff648b822727f,S2600,U1390,urban,false,true,KINYARWANDA,7,0.7966666666666667,0.3333333333333333,false,DL,completed,abandoned,5.166666666666667,3,0
6365167e853d43733e21e77f895ed13c,S2603,U1050,urban,false,false,KINYARWANDA,11,0.6,0.5,false,DL,failed,transferred,3.0,0,0
c64b10d451af086b6d34a03e88959858,S2609,U1351,urban,false,false,KINYARWANDA,10,0.8425,0.25,false,BIRTH_CERT,completed,transferred,5.0,1,0
70ae6c043cecaddc55969cbadae16fb6,S2610,U1007,urban,false,false,KINYARWANDA,8,0.91,0.0,false,BIRTH_CERT,completed,transferred,7.0,0,0
5a70f0e8c769798e514d12399f84edae,S2613,U1037,rural,false,false,KINYARWANDA,6,0.7687499999999999,0.375,false,ID_REPLACEMENT,failed,abandoned,8.125,1,0
7b26856369a97c868e068cf02eb8bbc9,S2615,U1479,rural,false,true,KINYARWANDA,3,0.81,0.16666666666666666,true,ID_REPLACEMENT,abandoned,abandoned,7.0,3,0
39b91280eb898c0e39c8d4af8e227e3c,S2616,U1367,urban,false,false,KINYARWANDA,10,0.8200000000000001,0.25,false,LAND,completed,completed,6.0,0,1
275d492d5ef003ddc30b508c7dc78112,S2618,U1336,urban,false,true,KINYARWANDA,13,0.766,0.0,true,ID_REPLACEMENT,completed,abandoned,8.0,1,0
d0934e6c1861efb38b076c729d861aba,S2622,U1359,rural,true,false,KINYARWANDA,14,0.71,0.2222222222222222,true,LAND,failed,completed,8.555555555555555,3,1
161c2bacc3893a6b30af343fedded894,S2623,U1408,urban,false,false,KINYARWANDA,12,0.8471428571428571,0.14285714285714285,false,ID_REPLACEMENT,completed,completed,5.0,1,1
47aac5c7f11c636cb6a40b48a1743bf8,S2629,U1048,rural,false,false,KINYARWANDA,13,0.76,0.0,true,DL,completed,completed,4.25,1,1
f2917f72cace9a06c81f618227937c22,S2630,U1291,rural,false,true,KINYARWANDA,7,0.8025,0.25,false,BIRTH_CERT,completed,transferred,4.75,1,0
6329449db7df419168637cf38e2883d9,S2634,U1104,urban,false,false,KINYARWANDA,6,0.7175,0.25,false,LAND,completed,completed,10.5,0,1
b0f8c8226c2252155b79f4f6e6b4347e,S2643,U1148,rural,false,false,KINYARWANDA,4,0.8125,0.25,false,LAND,completed,completed,6.75,0,1
5a70dfb65fe1613efdd27a4bdfc2478c,S2644,U1163,rural,false,false,KINYARWANDA,8,0.64,0.0,false,ID_REPLACEMENT,completed,completed,7.25,0,1
876e0679f98111fc709e9119628be90f,S2645,U1139,urban,false,false,KINYARWANDA,11,0.8425,0.25,false,LAND,completed,completed,8.0,1,1
f6d2500b0425dc8fb2325869ea1e17be,S2649,U1373,urban,false,false,KINYARWANDA,5,0.7385714285714285,0.42857142857142855,false,LAND,completed,completed,6.857142857142857,4,1
88bc89f2727937abf8578f6c006efd06,S2650,U1268,rural,false,false,KINYARWANDA,12,0.5466666666666666,0.6666666666666666,false,DL,completed,abandoned,12.666666666666666,2,0
28744125b21758006ab57bef0ed56901,S2651,U1180,rural,false,false,KINYARWANDA,7,0.69,0.25,false,ID_REPLACEMENT,completed,completed,7.25,1,1
e898c30e6865ead74b3db8711f967851,S2652,U1159,urban,false,true,KINYARWANDA,5,0.75,0.25,false,BIRTH_CERT,completed,completed,8.0,1,1
fac11bbe87e2cede3f3ed7f4b253bf10,S2655,U1287,rural,false,true,KINYARWANDA,5,0.7833333333333333,0.3333333333333333,true,BIRTH_CERT,completed,completed,9.0,1,1
3108ce9f273eba4cb1e9812f361c7b8f,S2660,U1009,urban,false,false,KINYARWANDA,6,0.7814285714285714,0.14285714285714285,false,BIRTH_CERT,failed,completed,7.0,1,1
44015a8ba008ddf88995e5474d8be47c,S2661,U1270,urban,false,false,KINYARWANDA,14,0.6,0.0,false,ID_REPLACEMENT,completed,completed,8.25,0,1
b7ff330d1e3b958f5019289c2ecb5615,S2663,U1423,rural,false,true,KINYARWANDA,7,0.8144444444444444,0.3333333333333333,false,ID_REPLACEMENT,failed,abandoned,8.0,1,0
48125b49446dfeafdb2d0ae36f195465,S2664,U1401,urban,true,true,KINYARWANDA,10,0.825,0.25,false,LAND,completed,abandoned,9.25,0,0
31ee5ae97f0436bf7f0723c47e763e94,S2665,U1182,urban,false,false,KINYARWANDA,9,0.7616666666666667,0.3333333333333333,false,LAND,completed,completed,7.5,3,1
7c79a02a0713a8607e5fba755fc93fd8,S2675,U1499,urban,false,false,KINYARWANDA,5,0.78,0.0,false,BIRTH_CERT,completed,completed,7.0,1,1
4d7d352d24211adc391a891aee626647,S2677,U1467,urban,false,true,KINYARWANDA,10,0.845,0.25,false,BIRTH_CERT,failed,completed,3.75,2,1
ea8e2e187d1845cc692235de1846690e,S2678,U1212,urban,false,true,KINYARWANDA,9,0.6799999999999999,0.5,false,DL,completed,completed,8.0,2,1
69acd46d27320e7f96005098697625e2,S2679,U1171,rural,false,false,KINYARWANDA,8,0.7328571428571429,0.0,true,ID_REPLACEMENT,failed,completed,5.857142857142857,2,1
dd18f693319ee6ce18b27dc9ec0e3ddc,S2680,U1287,rural,false,true,KINYARWANDA,12,0.5733333333333333,0.0,true,LAND,completed,abandoned,10.666666666666666,1,0
1080b1003bef736972ed2be9dab31ad4,S2681,U1434,rural,false,true,KINYARWANDA,12,0.84,0.0,false,BIRTH_CERT,abandoned,completed,9.0,0,1
003accbe8ac8fa74726caac5f6aa555a,S2682,U1173,rural,false,true,KINYARWANDA,13,0.8400000000000001,0.0,false,LAND,completed,completed,7.6,1,1
0b9a0d05d097c266cc7b81136d5bd735,S2684,U1375,rural,false,false,KINYARWANDA,11,0.5614285714285715,0.14285714285714285,true,ID_REPLACEMENT,failed,abandoned,9.714285714285714,3,0
8c7f3807b445a7149a2eeb21f6a0b5c3,S2685,U1404,rural,false,false,KINYARWANDA,3,0.662,0.2,false,BIRTH_CERT,completed,abandoned,5.4,1,0
23f6928c2f2af3b9846913714e5291f2,S2686,U1482,rural,false,false,KINYARWANDA,13,0.7371428571428572,0.14285714285714285,false,DL,completed,completed,9.857142857142858,2,1
029ef01e088304fd20d3ea119e5ff876,S2694,U1232,rural,false,true,KINYARWANDA,7,0.74,0.25,false,LAND,completed,transferred,10.0,0,0
a10b467eae98765d7182f2838026736d,S2695,U1430,rural,false,false,KINYARWANDA,8,0.84,0.25,false,DL,abandoned,abandoned,9.5,1,0
c0213b6844508536f54ba33f1c66f21a,S2696,U1017,rural,false,false,KINYARWANDA,13,0.78,0.2,false,DL,completed,completed,11.6,2,1
633fa52433ca3923036462cf8168c100,S2697,U1148,rural,false,false,KINYARWANDA,9,0.7722222222222223,0.0,true,ID_REPLACEMENT,completed,completed,9.333333333333334,3,1
4551cd1a2f23a1ab2b48359d48bd81f7,S2698,U1396,urban,false,true,KINYARWANDA,3,0.834,0.0,false,BIRTH_CERT,failed,completed,5.4,0,1
85a75644f1a5655836467230d7439f2d,S2699,U1148,rural,false,false,KINYARWANDA,9,0.835,0.5,true,LAND,completed,completed,8.0,2,1
6383458208104ea1f0b4ecaedfd1a4d1,S2700,U1125,rural,false,false,KINYARWANDA,6,0.74,0.0,false,ID_REPLACEMENT,completed,abandoned,8.6,0,0
fa08ab2982da3b3ef0ab481e96158094,S2701,U1391,rural,false,true,KINYARWANDA,10,0.7616666666666667,0.16666666666666666,false,LAND,completed,abandoned,9.0,0,0
3696ac15f54c6a74fb5bc7261a96bf14,S2702,U1301,rural,false,false,KINYARWANDA,6,0.6922222222222222,0.1111111111111111,false,BIRTH_CERT,completed,abandoned,11.222222222222221,2,0
dbc99f6ff5b7bfe441cbe894049e1c74,S2704,U1237,rural,false,false,KINYARWANDA,11,0.8385714285714286,0.42857142857142855,false,LAND,abandoned,abandoned,8.571428571428571,0,0
4dac8b701c0ebd4e8c8e3f8862be3a4e,S2706,U1150,urban,true,false,KINYARWANDA,14,0.8475,0.5,false,LAND,completed,completed,9.25,1,1
9a34e4bc3bf0b899f3e22d00f90979a8,S2709,U1202,rural,false,true,KINYARWANDA,11,0.7000000000000001,0.0,true,BIRTH_CERT,completed,transferred,8.666666666666666,0,0
9a09b1cbb56d1ede29e35ebf3b1db899,S2713,U1234,rural,false,false,KINYARWANDA,7,0.9,0.0,false,ID_REPLACEMENT,completed,completed,4.0,0,1
321e135772e8edbe410b0a5b63554080,S2714,U1344,rural,false,false,KINYARWANDA,4,0.7224999999999999,0.0,true,ID_REPLACEMENT,failed,transferred,7.5,1,0
29e236b9b2c24498bc2dc2c2e99b58ed,S2715,U1021,rural,false,true,KINYARWANDA,12,0.8300000000000001,0.0,true,LAND,failed,abandoned,10.0,1,0
f6638ad8bc89d8bbbd9a3800eedb344c,S2717,U1284,rural,false,true,KINYARWANDA,5,0.755,0.125,false,ID_REPLACEMENT,completed,completed,7.75,2,1
98d520b8de76870ed10301cfa909890f,S2718,U1268,rural,false,false,KINYARWANDA,14,0.7775,0.0,false,BIRTH_CERT,completed,transferred,11.0,0,0
1ceded3a5c18b49c9a2b5199724a58f4,S2720,U1257,urban,false,false,KINYARWANDA,3,0.835,0.3333333333333333,true,BIRTH_CERT,failed,transferred,8.666666666666666,3,0
357be7851807a61569ccfc6ef316ccd2,S2721,U1028,rural,true,true,KINYARWANDA,10,0.75,0.14285714285714285,false,DL,failed,completed,7.857142857142857,1,1
089a1238fba127b23b132f2571b6b882,S2724,U1435,urban,false,true,KINYARWANDA,9,0.7242857142857143,0.2857142857142857,false,DL,completed,transferred,8.142857142857142,1,0
240faae42899250f10278226592a80c3,S2725,U1282,rural,false,false,KINYARWANDA,3,0.8142857142857143,0.42857142857142855,false,DL,abandoned,completed,9.571428571428571,2,1
6b72e26e73eaf24ff8a2dee0a546c5a6,S2728,U1462,urban,false,true,KINYARWANDA,11,0.78,0.0,false,LAND,completed,completed,10.5,0,1
26e927d56ed6fcdaabce5196367d4438,S2732,U1043,urban,false,false,KINYARWANDA,5,0.72,0.125,false,DL,completed,transferred,9.25,0,0
2b93047f74ca13f0bc10f25299a7df30,S2738,U1352,urban,false,true,KINYARWANDA,3,0.6625,0.0,true,BIRTH_CERT,failed,completed,11.25,2,1
9b03bb2af3a190d623eb97f8ef9ea322,S2739,U1183,urban,false,false,KINYARWANDA,7,0.7185714285714285,0.2857142857142857,false,BIRTH_CERT,completed,completed,8.857142857142858,1,1
eb4a046d85eff3dc8b8a55194c9f6a30,S2741,U1190,rural,false,true,KINYARWANDA,3,0.77,0.5,false,BIRTH_CERT,abandoned,transferred,4.25,1,0
0abe830346d0224d1363da7817f8c8a1,S2743,U1018,rural,false,false,KINYARWANDA,13,0.6657142857142857,0.0,false,BIRTH_CERT,completed,completed,8.142857142857142,1,1
6776beba208d9f01741013b76e63674c,S2745,U1412,urban,false,true,KINYARWANDA,9,0.7483333333333334,0.16666666666666666,true,LAND,completed,abandoned,6.333333333333333,2,0
8b4c8f92d86b59c1457de1cf454e36ad,S2746,U1029,rural,false,false,KINYARWANDA,14,0.858,0.2,true,DL,completed,transferred,8.0,1,0
3f86b1375087754b5f5d720e1adeb811,S2747,U1294,rural,true,false,KINYARWANDA,8,0.7683333333333334,0.3333333333333333,true,ID_REPLACEMENT,failed,transferred,6.833333333333333,2,0
715577f400b2ee6b556e9142acbb6e40,S2748,U1107,urban,false,false,KINYARWANDA,4,0.89,0.25,false,LAND,failed,completed,8.5,1,1
dfec72d650a093785b61527b48a2744b,S2750,U1280,urban,false,false,KINYARWANDA,14,0.8875,0.0,false,ID_REPLACEMENT,completed,abandoned,5.0,0,0
50ce097c7099231553c46fdbbc773def,S2751,U1127,urban,false,true,KINYARWANDA,4,0.8266666666666667,0.0,true,DL,completed,abandoned,7.666666666666667,3,0
361c7e2d9ac1d1108880c8a914e179de,S2752,U1228,urban,false,false,KINYARWANDA,13,0.7475,0.25,false,ID_REPLACEMENT,completed,completed,3.0,1,1
b364f5e6a687e345326419613ab762e1,S2753,U1110,rural,true,false,KINYARWANDA,9,0.6809090909090909,0.18181818181818182,false,LAND,completed,completed,7.636363636363637,2,1
00d2d1c5a95313fb0d7fe595373e35eb,S2754,U1135,rural,false,true,KINYARWANDA,3,0.7711111111111112,0.1111111111111111,false,ID_REPLACEMENT,completed,completed,9.222222222222221,2,1
2503bd671d893901b5683a27a75c169c,S2755,U1361,urban,false,true,KINYARWANDA,4,0.74,0.4,false,ID_REPLACEMENT,completed,completed,6.8,3,1
823e1bd68ed843e0952f0f9575e6c5cf,S2756,U1185,urban,false,false,KINYARWANDA,14,0.8099999999999999,0.42857142857142855,false,DL,abandoned,completed,8.285714285714286,2,1
ce146c0f971ced31b8158bb4b6923091,S2757,U1143,rural,false,false,KINYARWANDA,10,0.75125,0.125,false,ID_REPLACEMENT,failed,abandoned,8.5,0,0
dc74211b22a9a12bfbf255973d09f85c,S2761,U1260,urban,false,true,KINYARWANDA,6,0.7391666666666666,0.4166666666666667,false,DL,completed,transferred,9.25,6,0
2cb541a5627a8fc5670c0ffceb8d0fcd,S2764,U1387,rural,false,true,KINYARWANDA,8,0.8250000000000001,0.3333333333333333,false,BIRTH_CERT,abandoned,abandoned,11.833333333333334,2,0
e40f06dc1666473f2cc3042b4b681dc2,S2765,U1103,rural,true,false,KINYARWANDA,13,0.7050000000000001,0.0,false,DL,completed,abandoned,11.5,1,0
342deb70c4505b39f97a7a505df9500d,S2766,U1482,rural,false,false,KINYARWANDA,11,0.6975,0.25,false,LAND,failed,transferred,7.0,0,0
616367e406a8a9de61c2aee3536000b4,S2767,U1223,rural,false,false,KINYARWANDA,13,0.8075,0.25,false,BIRTH_CERT,completed,completed,8.5,1,1
b40503b1fb3f2cb09352a8f7133ea180,S2768,U1319,rural,false,true,KINYARWANDA,11,0.765,0.3333333333333333,false,DL,completed,completed,8.166666666666666,2,1
28a30c0f6b5436a8b529c79dbaaa83c4,S2769,U1361,urban,false,true,KINYARWANDA,10,0.7585714285714287,0.2857142857142857,false,DL,abandoned,transferred,6.857142857142857,1,0
d8d054f5a9588b3c385f6e20100ca3c6,S2771,U1490,rural,false,true,KINYARWANDA,5,0.615,0.0,false,LAND,completed,abandoned,6.5,0,0
449d9c3465120b3e0861a52fba85c822,S2774,U1404,rural,false,false,KINYARWANDA,14,0.70875,0.0,false,ID_REPLACEMENT,abandoned,completed,6.625,0,1
a341430f0adfafe8425ac13479e86185,S2775,U1383,urban,false,true,KINYARWANDA,6,0.8028571428571428,0.14285714285714285,false,BIRTH_CERT,abandoned,completed,8.428571428571429,3,1
58159de797a3d350fe5ad47181f86bc4,S2777,U1230,urban,false,false,KINYARWANDA,6,0.7424999999999999,0.25,false,LAND,completed,transferred,8.25,1,0
b56564d725751b8730ad39e3e8e4471b,S2779,U1410,rural,false,true,KINYARWANDA,14,0.68,0.16666666666666666,true,BIRTH_CERT,failed,abandoned,5.5,2,0
e29d755bc52426dccfd4aab45d317a5e,S2780,U1065,rural,false,false,KINYARWANDA,14,0.7225,0.25,false,DL,completed,completed,8.25,0,1
193386b7581de326b5cb024bc886f986,S2781,U1424,rural,false,false,KINYARWANDA,4,0.7775000000000001,0.25,false,BIRTH_CERT,failed,completed,7.0,1,1
fe0fc6d07067ade02739f70066f8d3d3,S2782,U1111,rural,false,true,KINYARWANDA,13,0.745,0.0,false,LAND,failed,completed,5.75,0,1
a3ce2b7dc1f2d0c1e91308ab3d4660c1,S2783,U1012,urban,false,false,KINYARWANDA,8,0.756,0.0,false,LAND,completed,transferred,10.2,0,0
75a1ba0dfe9876dc0e89c99cf685b53a,S2785,U1499,urban,false,false,KINYARWANDA,6,0.73,0.1111111111111111,false,ID_REPLACEMENT,completed,abandoned,7.555555555555555,2,0
f960e04683f83c4af7552f04fa6de08a,S2786,U1419,urban,false,false,KINYARWANDA,8,0.7644444444444445,0.3333333333333333,false,LAND,completed,abandoned,8.666666666666666,1,0
93912e9067ffbbb09f50db60b40d63fb,S2789,U1089,rural,false,true,KINYARWANDA,10,0.7033333333333333,0.16666666666666666,false,DL,completed,abandoned,9.666666666666666,1,0
52c0ee53671eadf89c79c0881a08775b,S2791,U1053,urban,false,false,KINYARWANDA,3,0.741,0.1,false,LAND,abandoned,completed,9.9,3,1
568a0d56dbc7aab946344003be0d248a,S2795,U1013,rural,false,true,KINYARWANDA,12,0.61,0.5,false,BIRTH_CERT,failed,abandoned,7.5,1,0
6ad22c249b9e069534015d5a0c7eab53,S2796,U1120,urban,false,false,KINYARWANDA,7,0.7014285714285714,0.14285714285714285,true,ID_REPLACEMENT,failed,completed,6.571428571428571,2,1
2cfb40777f3cf2936278544500312948,S2799,U1376,urban,false,true,KINYARWANDA,12,0.52,0.5,false,LAND,abandoned,completed,8.0,1,1
671e5835c66afa1541fcae6085b72d2a,S2800,U1019,rural,false,true,KINYARWANDA,8,0.7071428571428572,0.14285714285714285,false,BIRTH_CERT,completed,completed,7.857142857142857,2,1
2844fb0569aecf8bd4455c88349b8b56,S2802,U1399,urban,true,false,KINYARWANDA,14,0.8075,0.0,false,DL,completed,completed,7.25,1,1
adc5fcd0f61689f395f956b24df12183,S2804,U1222,rural,true,true,KINYARWANDA,4,0.74,0.8,false,DL,failed,abandoned,6.6,2,0
62d7ada42a970e6e1506ca3f30677f8b,S2805,U1069,urban,false,true,KINYARWANDA,4,0.7490909090909091,0.2727272727272727,false,LAND,completed,abandoned,6.7272727272727275,2,0
31a31346e164eac6fc1fa84b64ccd8c9,S2806,U1311,rural,false,false,KINYARWANDA,12,0.6716666666666667,0.3333333333333333,false,LAND,completed,completed,7.833333333333333,2,1
51e94854bf1b4a10329e7eaabe799225,S2808,U1100,rural,false,true,KINYARWANDA,12,0.69,0.5,false,LAND,failed,completed,7.5,1,1
118279d16a34898a0abfdc78fb215a55,S2810,U1131,rural,false,false,KINYARWANDA,6,0.708,0.4,false,ID_REPLACEMENT,completed,completed,6.4,1,1
814e8e418531ce29ff73af29adde1aac,S2812,U1380,rural,false,true,KINYARWANDA,11,0.4625,0.25,false,LAND,completed,completed,6.0,2,1
233be65d2b88ccc2bf4e54ab9a0481cd,S2815,U1393,urban,false,false,KINYARWANDA,13,0.7957142857142857,0.14285714285714285,false,LAND,completed,completed,6.571428571428571,1,1
51b234a2b2b672506297d46321f9d011,S2816,U1023,rural,false,false,KINYARWANDA,9,0.65,0.0,false,BIRTH_CERT,failed,completed,8.0,0,1
6ec9687c6cdee34cda3fde21a0aaaf32,S2817,U1226,urban,false,true,KINYARWANDA,9,0.7188888888888889,0.4444444444444444,false,LAND,abandoned,completed,8.333333333333334,4,1
4667b934cc71d9a62feb38e1c6e0a5ef,S2818,U1153,rural,false,false,KINYARWANDA,9,0.68125,0.125,true,DL,completed,completed,7.125,4,1
5d87d1b99b4d77bf3dfe7855fbda1b56,S2820,U1229,urban,false,true,KINYARWANDA,8,0.728,0.2,true,DL,completed,abandoned,6.6,2,0
cec4af04d9f94fce74617e3238000e41,S2821,U1468,rural,false,false,KINYARWANDA,4,0.7671428571428571,0.14285714285714285,true,DL,completed,abandoned,6.0,2,0
e97ffb252aadd8b2063981110c0a4a1a,S2824,U1358,urban,false,true,KINYARWANDA,5,0.7483333333333334,0.3333333333333333,true,ID_REPLACEMENT,completed,abandoned,8.666666666666666,2,0
71bdaf95c98d8555e92b89a8d1c04d30,S2826,U1201,rural,true,true,KINYARWANDA,14,0.7949999999999999,0.16666666666666666,false,DL,completed,abandoned,11.0,0,0
cbb9453b5530036d518765501073221e,S2827,U1037,rural,false,false,KINYARWANDA,8,0.8228571428571428,0.14285714285714285,false,ID_REPLACEMENT,failed,abandoned,7.142857142857143,1,0
926578ecfcc603f120fe63771daa17f2,S2828,U1429,rural,false,false,KINYARWANDA,4,0.84,1.0,false,DL,completed,abandoned,6.0,0,0
aba9794eb866a79413c19decb072127b,S2831,U1056,rural,false,false,KINYARWANDA,5,0.7575000000000001,0.25,false,BIRTH_CERT,abandoned,abandoned,7.5,2,0
e2898eabb972ba8ed16e9a7387a363d1,S2833,U1019,rural,false,true,KINYARWANDA,8,0.78,0.0,false,BIRTH_CERT,completed,transferred,7.6,1,0
b6a6a067be28c034de26fa9dafe5e7f8,S2834,U1272,urban,false,false,KINYARWANDA,8,0.7625,0.125,false,BIRTH_CERT,completed,completed,7.125,1,1
12d6b8be702eab836ef525c99e5ebd92,S2835,U1118,urban,false,true,KINYARWANDA,12,0.836,0.0,false,LAND,completed,completed,7.8,0,1
6890f5e99cbbdfb7f2d4f48a867f3ea1,S2837,U1003,rural,false,false,KINYARWANDA,5,0.764,0.0,false,LAND,failed,abandoned,9.2,0,0
964d5ff958a24298866f267cd7dce5e6,S2839,U1013,rural,false,true,KINYARWANDA,3,0.6616666666666666,0.0,false,BIRTH_CERT,completed,completed,9.0,1,1
f1d7a892e146db51143d7872bb77406a,S2844,U1185,urban,false,false,KINYARWANDA,12,0.748,0.0,false,LAND,completed,abandoned,8.2,0,0
f66068b9821c41913ed0dbde9ef14b16,S2845,U1054,rural,false,false,KINYARWANDA,9,0.7125,0.0,false,DL,completed,abandoned,6.375,2,0
e61ce3fa22cc564eaef4460b38e06844,S2846,U1499,urban,false,false,KINYARWANDA,10,0.7263636363636364,0.2727272727272727,false,ID_REPLACEMENT,abandoned,transferred,9.0,4,0
8115b0384346d64972f70f70ac0f06b3,S2847,U1387,rural,false,true,KINYARWANDA,3,0.79,0.0,false,ID_REPLACEMENT,completed,transferred,7.2,1,0
e813cbeb6317c6b53b9184703f2874d8,S2849,U1253,rural,false,true,KINYARWANDA,8,0.6957142857142857,0.14285714285714285,false,LAND,completed,completed,8.0,1,1
03b2adab478d86a92ee76443456b6488,S2852,U1157,urban,false,false,KINYARWANDA,12,0.7125,0.0,false,LAND,abandoned,transferred,6.75,1,0
d3fa1130af9a69caabb81bb2be2d8b8a,S2853,U1081,urban,false,true,KINYARWANDA,11,0.86,0.6666666666666666,false,BIRTH_CERT,failed,completed,5.333333333333333,1,1
7003f368eb3675e61b4e3c9f603d4f77,S2854,U1402,rural,false,true,KINYARWANDA,13,0.8376923076923077,0.23076923076923078,false,LAND,completed,abandoned,8.615384615384615,4,0
a3d0143cb04f0ffdcf4b30e5288f1082,S2859,U1304,urban,false,false,KINYARWANDA,6,0.8633333333333333,0.0,false,DL,failed,completed,8.333333333333334,0,1
254364c0b4687664461ecc9b28d359c3,S2860,U1318,rural,true,true,KINYARWANDA,10,0.736,0.4,false,ID_REPLACEMENT,abandoned,completed,4.6,2,1
a8a25c674a0f9a3b2be9ebd2028ca506,S2866,U1075,urban,false,true,KINYARWANDA,7,0.73,0.3333333333333333,false,LAND,abandoned,completed,5.333333333333333,1,1
c396a1a1bc4bc756f2c65c1e98e5ecfe,S2867,U1029,rural,false,false,KINYARWANDA,10,0.81625,0.0,true,ID_REPLACEMENT,failed,abandoned,7.75,2,0
875c7a43f5720dfa830ae67e8cb687fb,S2868,U1313,urban,false,false,KINYARWANDA,8,0.7633333333333333,0.1111111111111111,false,BIRTH_CERT,completed,completed,8.777777777777779,1,1
c12f45cd3ba3b921d2d2ac8d5016d096,S2869,U1485,urban,false,true,KINYARWANDA,5,0.7842857142857144,0.0,true,DL,completed,abandoned,5.571428571428571,3,0
e69816d7d7a3f80608dacd7e09e0c303,S2870,U1116,urban,true,true,KINYARWANDA,10,0.7171428571428571,0.2857142857142857,false,ID_REPLACEMENT,completed,abandoned,8.714285714285714,4,0
878d0b800f778b38fbc5ffb8d2488a78,S2871,U1414,urban,false,false,KINYARWANDA,14,0.6483333333333333,0.3333333333333333,false,DL,completed,completed,6.166666666666667,0,1
b4743414d48b633ae70d9e61f11602bb,S2872,U1355,urban,false,false,KINYARWANDA,11,0.8875,0.25,false,DL,completed,completed,5.75,0,1
09abe7b94a1eabfb6a23cb7355c8efe0,S2873,U1191,urban,false,false,KINYARWANDA,10,0.8316666666666667,0.5,false,BIRTH_CERT,failed,abandoned,8.0,3,0
c4f1e8c611c12b42e6cd66335e27696a,S2874,U1018,rural,false,false,KINYARWANDA,6,0.8611111111111112,0.2222222222222222,false,BIRTH_CERT,completed,transferred,7.888888888888889,3,0
a4dac7f83c6b034e384cbd298b87f7b2,S2875,U1431,urban,false,false,KINYARWANDA,13,0.7916666666666666,0.3333333333333333,false,DL,completed,completed,7.833333333333333,2,1
cf96aebac22395af75f2ffed70896540,S2878,U1349,urban,false,true,KINYARWANDA,6,0.72,0.2,true,LAND,completed,abandoned,7.0,1,0
629f5f07a19d43f81438a3a0b2947652,S2880,U1112,urban,false,true,KINYARWANDA,3,0.6375,0.5,false,LAND,abandoned,completed,11.0,1,1
f14236fe33c9975696914fd84f75fb98,S2882,U1480,urban,false,false,KINYARWANDA,3,0.7150000000000001,0.0,false,ID_REPLACEMENT,completed,abandoned,9.5,0,0
f9e4079ee1456a36b4e58dd217dd9f46,S2884,U1318,rural,true,true,KINYARWANDA,4,0.79,0.2,false,DL,abandoned,completed,6.0,2,1
6f6ab138ed5df8b7dd76579175353c7c,S2886,U1112,urban,false,true,KINYARWANDA,6,0.79,0.0,true,BIRTH_CERT,failed,completed,10.0,0,1
e047e328332189e00f453240adf67cef,S2887,U1250,rural,false,false,KINYARWANDA,4,0.72,0.0,true,DL,completed,completed,9.75,2,1
34e0b9b9ffa206e6386e5791685f8b23,S2889,U1250,rural,false,false,KINYARWANDA,14,0.8066666666666666,0.0,true,LAND,completed,completed,11.666666666666666,1,1
1abbcdd609059670b4420158225203c6,S2892,U1312,rural,false,false,KINYARWANDA,12,0.7566666666666667,0.16666666666666666,false,ID_REPLACEMENT,completed,completed,6.0,1,1
a6f1636e2248534daede586d2ae19cbc,S2894,U1300,rural,false,true,KINYARWANDA,13,0.808,0.2,false,BIRTH_CERT,abandoned,abandoned,10.0,1,0
f387c9e341bb575f5f769870ced601c6,S2895,U1160,rural,false,false,KINYARWANDA,9,0.7785714285714286,0.14285714285714285,false,LAND,completed,transferred,9.142857142857142,1,0
ca8cf537d0008ff47a5a2fbeacb45a48,S2897,U1197,urban,false,false,KINYARWANDA,5,0.7518181818181818,0.09090909090909091,false,ID_REPLACEMENT,failed,abandoned,6.545454545454546,2,0
9d5a85970f787177838bfb976f3a22b9,S2899,U1147,rural,false,false,KINYARWANDA,12,0.7424999999999999,0.0,true,LAND,abandoned,abandoned,6.75,1,0
400ad081d617a57ffd00a046688a9c35,S2901,U1046,rural,false,true,KINYARWANDA,10,0.85,0.0,false,ID_REPLACEMENT,completed,completed,6.333333333333333,0,1
1ad563bf77fddf71d688a7e9cc98c699,S2905,U1046,rural,false,true,KINYARWANDA,9,0.8300000000000001,0.16666666666666666,true,LAND,completed,completed,9.166666666666666,3,1
21dd46664745422d466ec234c818fc9f,S2906,U1077,rural,false,false,KINYARWANDA,11,0.7633333333333333,0.0,true,DL,abandoned,completed,8.0,0,1
633cc033a62a479108562c8431d7e66f,S2907,U1123,rural,false,false,KINYARWANDA,11,0.5700000000000001,0.0,true,LAND,abandoned,completed,9.0,0,1
26f4b4e5d9fb472fcd25c783c6ec9c6e,S2909,U1358,urban,false,true,KINYARWANDA,14,0.812857142857143,0.0,false,ID_REPLACEMENT,completed,abandoned,9.428571428571429,1,0
67c4acfc3fe413f6da9512bb1a86e008,S2910,U1136,rural,false,false,KINYARWANDA,10,0.7,0.2,false,LAND,failed,completed,8.0,1,1
84c48624abe567149804fe43269b221f,S2912,U1399,urban,true,false,KINYARWANDA,3,0.75125,0.0,false,BIRTH_CERT,completed,completed,8.875,1,1
46aa396ef5ef0fa3501180ecc5b45b9d,S2914,U1499,urban,false,false,KINYARWANDA,10,0.8116666666666666,0.3333333333333333,false,LAND,failed,abandoned,5.5,3,0
33a09ebf9446c2283015cb9222152444,S2915,U1060,rural,false,false,KINYARWANDA,8,0.7714285714285715,0.2857142857142857,false,LAND,completed,completed,6.0,2,1
24b85ab66bff2c5ee9a65f2ad8ba785d,S2916,U1137,urban,false,false,KINYARWANDA,5,0.85625,0.125,false,LAND,failed,abandoned,7.0,2,0
8bd8056f301b7fe6e996335a8a861f6f,S2918,U1258,rural,false,true,KINYARWANDA,10,0.7225,0.0,false,ID_REPLACEMENT,completed,abandoned,8.0,0,0
b5260857e650fe7a52d5e460af9f6f31,S2921,U1112,urban,false,true,KINYARWANDA,13,0.642,0.2,false,DL,completed,completed,12.0,0,1
d6f949199a54feb1504adc0594e71a30,S2923,U1253,rural,false,true,KINYARWANDA,7,0.735,0.0,false,BIRTH_CERT,completed,transferred,8.5,0,0
506ac4177665eb3cfd756c556aadc78e,S2927,U1336,urban,false,true,KINYARWANDA,6,0.812,0.0,false,LAND,completed,completed,8.6,0,1
0cf4f48b87cc537b8c11746f374d2a11,S2930,U1244,rural,false,false,KINYARWANDA,10,0.7883333333333334,0.0,false,BIRTH_CERT,completed,abandoned,5.666666666666667,0,0
b54f718400d1b1102875988d807e7b36,S2931,U1402,rural,false,true,KINYARWANDA,13,0.735,0.6666666666666666,false,DL,completed,completed,7.333333333333333,3,1
57359d35dc123b240465728dd0e29ae1,S2932,U1425,rural,true,false,KINYARWANDA,9,0.725,0.3333333333333333,true,BIRTH_CERT,completed,completed,10.0,2,1
854db13283694e1314cb848e8b30b39a,S2936,U1498,urban,false,true,KINYARWANDA,6,0.735,0.5,false,ID_REPLACEMENT,abandoned,completed,2.0,1,1
fb880fef10a25eef4ec12f9d7b010a4f,S2938,U1348,rural,false,false,KINYARWANDA,4,0.69875,0.125,false,ID_REPLACEMENT,completed,completed,9.0,2,1
a7e8e371a340a255e65cfcba703bbba7,S2939,U1319,rural,false,true,KINYARWANDA,4,0.91,0.3333333333333333,false,LAND,completed,abandoned,7.333333333333333,1,0
eccb9a963cf9326c31a0be7b0b9ba09c,S2940,U1420,urban,false,true,KINYARWANDA,11,0.7399999999999999,0.3333333333333333,false,BIRTH_CERT,failed,completed,8.666666666666666,1,1
62b9cc8af7c7de67c5be922629d47998,S2942,U1048,rural,false,false,KINYARWANDA,9,0.7485714285714286,0.2857142857142857,false,LAND,completed,abandoned,6.0,5,0
6dcd2c0709bf7fb98ba4db16196f34a9,S2944,U1073,urban,false,true,KINYARWANDA,3,0.662,0.0,false,BIRTH_CERT,abandoned,abandoned,8.8,0,0
ca0945313d98a5e3687fed31a90d3c39,S2947,U1355,urban,false,false,KINYARWANDA,9,0.6488888888888888,0.2222222222222222,false,DL,completed,abandoned,7.888888888888889,3,0
93575d48fb23648866b662398452f145,S2948,U1069,urban,false,true,KINYARWANDA,13,0.7877777777777778,0.0,false,LAND,completed,completed,6.777777777777778,0,1
a71bcb9aee5040d7c64468b4c94b2d45,S2950,U1259,rural,false,false,KINYARWANDA,8,0.7,0.25,false,DL,failed,completed,6.0,0,1
a5093a52282fef910248cf7550639787,S2951,U1125,rural,false,false,KINYARWANDA,4,0.626,0.6,false,LAND,completed,transferred,6.8,2,0
d20ed04c4dcc5397d899d4bcf44e0b3d,S2954,U1497,rural,false,false,KINYARWANDA,11,0.7533333333333333,0.16666666666666666,true,LAND,abandoned,completed,8.5,2,1
ba7892c85de6a08ad6d844d36cf43747,S2955,U1418,urban,false,false,KINYARWANDA,14,0.7633333333333333,0.16666666666666666,true,BIRTH_CERT,completed,abandoned,7.333333333333333,2,0
9415428154ca3309639eceab46ee07ad,S2956,U1128,rural,true,true,KINYARWANDA,3,0.7375,0.75,false,DL,completed,abandoned,8.0,2,0
4a4ac3d60f1b5e3cf253ebab53197c77,S2957,U1279,urban,false,false,KINYARWANDA,10,0.8779999999999999,0.2,false,BIRTH_CERT,abandoned,completed,9.0,0,1
f0c275b507d088f2ea010704e8a959be,S2958,U1312,rural,false,false,KINYARWANDA,7,0.7033333333333334,0.2222222222222222,true,LAND,abandoned,transferred,8.333333333333334,5,0
de263f8a5d044c617d7bbc0c07a1cb91,S2959,U1099,rural,true,true,KINYARWANDA,3,0.7457142857142857,0.2857142857142857,false,DL,completed,completed,8.0,2,1
426bf6c766952a9540591e6523fdcedc,S2961,U1296,urban,false,true,KINYARWANDA,3,0.7042857142857143,0.14285714285714285,false,DL,completed,transferred,12.142857142857142,0,0
2b191896375ead865f0400782b00fc18,S2962,U1181,rural,false,true,KINYARWANDA,8,0.7522222222222221,0.1111111111111111,true,DL,completed,transferred,8.0,2,0
4a382114deade7a8996cf4e726d3fef0,S2963,U1173,rural,false,true,KINYARWANDA,4,0.6233333333333334,0.0,false,LAND,completed,abandoned,6.666666666666667,0,0
3ea695bc2e06e8b42073b7ef4dd96454,S2964,U1315,urban,false,false,KINYARWANDA,7,0.8049999999999999,0.5,false,BIRTH_CERT,completed,transferred,5.0,0,0
9a20d38b2c868edfe27caf2564e8b37a,S2969,U1083,rural,false,false,KINYARWANDA,7,0.9166666666666666,0.3333333333333333,false,LAND,completed,completed,6.0,1,1
d4a837099321557273463e803ee4e844,S2970,U1151,rural,false,false,KINYARWANDA,7,0.86,0.0,false,LAND,abandoned,completed,4.0,0,1
cf5e086a83f2a6d802aaceb26395f32b,S2971,U1472,rural,false,false,KINYARWANDA,5,0.605,0.5,false,BIRTH_CERT,completed,completed,6.0,1,1
20f69322e799deacfddfd48304b4c86c,S2973,U1212,urban,false,true,KINYARWANDA,12,0.74,0.25,false,LAND,completed,completed,8.375,1,1
3f2618f6cae19ad77db20ccd61b0be5a,S2974,U1413,rural,false,true,KINYARWANDA,13,0.835,0.16666666666666666,true,ID_REPLACEMENT,completed,completed,8.0,1,1
aeb0bec653b1bff26997bac42512e32e,S2977,U1105,rural,false,true,KINYARWANDA,9,0.7714285714285715,0.14285714285714285,false,LAND,abandoned,completed,6.571428571428571,2,1
cea2b2f57d34b3c9ab57527f4560a35d,S2979,U1341,rural,false,false,KINYARWANDA,8,0.7975,0.0,false,BIRTH_CERT,completed,transferred,8.5,1,0
5de5b02ef8f3314fa1ab8a11d560be5c,S2981,U1390,urban,false,true,KINYARWANDA,5,0.79,0.0,false,DL,completed,completed,5.375,2,1
bc5e3aeb82f59dc572dad5085a24cc0b,S2982,U1162,urban,false,true,KINYARWANDA,4,0.7177777777777777,0.2222222222222222,false,LAND,completed,abandoned,8.555555555555555,2,0
0ae0e8ad6004630d3b1ce8f6de9970f1,S2983,U1438,urban,false,true,KINYARWANDA,14,0.6575,0.125,false,LAND,completed,completed,7.375,1,1
f6ef066a2bdfa119cfa585c364577f2b,S2987,U1393,urban,false,false,KINYARWANDA,7,0.7157142857142856,0.5714285714285714,false,ID_REPLACEMENT,completed,completed,8.142857142857142,3,1
faed39c44fb902ce19cc2b8c0d428f71,S2988,U1335,rural,false,false,KINYARWANDA,9,0.84,0.0,true,LAND,abandoned,completed,6.666666666666667,1,1
a0eeffebc26b06124f8103dcf31cb5e2,S2990,U1181,rural,false,true,KINYARWANDA,7,0.701,0.3,false,DL,failed,transferred,9.1,1,0
c6f3a776bfab9666c3080c1d07c7d095,S2994,U1204,urban,true,false,KINYARWANDA,13,0.86,0.25,false,DL,completed,completed,6.25,0,1
0d5dc24cc64c84000102db030c4fb006,S2998,U1300,rural,false,true,KINYARWANDA,9,0.61375,0.375,false,BIRTH_CERT,failed,completed,7.125,2,1
b3bf40e388fa53f4c87df2f6324add62,S3000,U1183,urban,false,false,KINYARWANDA,7,0.7866666666666666,0.6666666666666666,false,BIRTH_CERT,completed,completed,5.666666666666667,1,1
15de5c7b0e4122b9968d668e7e2dd814,S3001,U1106,rural,false,true,KINYARWANDA,13,0.6675,0.25,false,BIRTH_CERT,failed,completed,9.0,1,1
0ec58f81d8df20939aa52714653a766f,S3005,U1362,rural,false,false,KINYARWANDA,14,0.745,0.16666666666666666,false,DL,completed,abandoned,10.0,0,0
82af54ab791820a083d2d56eed992c2d,S3007,U1020,urban,false,false,KINYARWANDA,7,0.8200000000000001,0.0,false,LAND,completed,abandoned,6.25,1,0
f97f3af1cd1882a988b6470d6c1e1daf,S3008,U1195,rural,false,false,KINYARWANDA,12,0.716,0.2,false,LAND,completed,abandoned,6.2,1,0
37b48553cb6e8067e0688a09f22a350e,S3009,U1177,rural,false,true,KINYARWANDA,5,0.64,0.0,true,ID_REPLACEMENT,abandoned,abandoned,5.5,0,0
351b19bf9ae81a8e02953bd00a54c6cf,S3011,U1474,rural,true,true,KINYARWANDA,8,0.7140000000000001,0.4,false,ID_REPLACEMENT,completed,abandoned,9.4,0,0
6fa10aedcab806872c71c66f72e7cd8d,S3013,U1069,urban,false,true,KINYARWANDA,5,0.8171428571428571,0.14285714285714285,false,LAND,completed,abandoned,7.285714285714286,1,0
1b0b2cd29fd1419b5b9ff10c6e1b47b5,S3016,U1465,rural,false,true,KINYARWANDA,5,0.7075,0.25,false,DL,abandoned,abandoned,8.75,1,0
7d216eb3157134da04d9d494da560765,S3018,U1247,urban,false,true,KINYARWANDA,6,0.7114285714285715,0.2857142857142857,false,LAND,abandoned,completed,10.0,2,1
3a43bbfd44feaf8c21231b01e9fe72df,S3020,U1147,rural,false,false,KINYARWANDA,3,0.7600000000000001,0.3333333333333333,false,DL,completed,abandoned,10.666666666666666,1,0
4d875cf8ffec18ac10c573addab8fa06,S3021,U1471,urban,false,false,KINYARWANDA,8,0.815,0.0,false,DL,completed,transferred,9.75,1,0
bd736974d8d670b5a9b948daddd92c0b,S3023,U1431,urban,false,false,KINYARWANDA,13,0.686,0.4,false,BIRTH_CERT,failed,abandoned,7.2,0,0
a2bddca1de543ec155c316e3ff10b077,S3024,U1198,urban,false,false,KINYARWANDA,13,0.702,0.0,true,DL,completed,transferred,9.8,3,0
2c5bdcf03c17bce0ac99af7280ffe856,S3027,U1153,rural,false,false,KINYARWANDA,9,0.8200000000000001,0.5,false,BIRTH_CERT,abandoned,abandoned,7.0,1,0
4dc4190023bd9d41395b9b585b02016c,S3030,U1383,urban,false,true,KINYARWANDA,13,0.55,0.0,true,BIRTH_CERT,abandoned,completed,7.0,1,1
71287a5cda0aa99250cc071cf7a6908c,S3031,U1141,rural,false,true,KINYARWANDA,6,0.8225,0.0,false,ID_REPLACEMENT,completed,completed,7.0,0,1
bc35505e979f5deda331ef005896d6dd,S3033,U1164,rural,false,true,KINYARWANDA,4,0.76125,0.125,true,DL,completed,completed,7.5,4,1
e14f1426919e0780bad7ac08442098c5,S3035,U1020,urban,false,false,KINYARWANDA,3,0.8540000000000001,0.0,true,ID_REPLACEMENT,completed,abandoned,9.8,2,0
aa92fca6be58abeb68db3c564fd4b14b,S3038,U1130,rural,false,false,KINYARWANDA,14,0.7675000000000001,0.125,false,DL,abandoned,completed,9.875,0,1
145486ccdd4b597a99378b2c66a7ed46,S3039,U1086,urban,true,false,KINYARWANDA,9,0.7866666666666666,0.0,true,LAND,abandoned,abandoned,12.0,0,0
ccbe642e93a9f22fb6ea979915759051,S3041,U1420,urban,false,true,KINYARWANDA,11,0.6933333333333334,0.0,true,LAND,completed,completed,7.5,2,1
7d168bbaf277af819ab76230095afd66,S3046,U1344,rural,false,false,KINYARWANDA,5,0.78,0.125,false,DL,abandoned,completed,8.375,1,1
9fdd49022ea7de8a33e70bf5f7e3f7db,S3047,U1340,rural,true,true,KINYARWANDA,4,0.8533333333333334,0.0,false,BIRTH_CERT,completed,transferred,5.333333333333333,0,0
d64af425cf5feae06138033ab9df79ab,S3049,U1395,urban,false,false,KINYARWANDA,14,0.75375,0.125,false,DL,completed,completed,8.25,1,1
fd7352100207c61cc48dd570c40fe16d,S3050,U1444,urban,false,false,KINYARWANDA,12,0.76625,0.125,true,DL,completed,abandoned,5.125,3,0
0dd2e15c060b4e2fe918b4ab0d9fb72c,S3055,U1195,rural,false,false,KINYARWANDA,14,0.7033333333333333,0.16666666666666666,false,LAND,completed,completed,9.166666666666666,0,1
1d09ceb578089c2ed3283c2e756b4e4d,S3056,U1382,urban,true,false,KINYARWANDA,8,0.6599999999999999,0.0,false,LAND,completed,completed,7.0,1,1
c40eec0afbef2399ff85f9fdba0b43cc,S3057,U1489,urban,false,true,KINYARWANDA,12,0.6757142857142858,0.14285714285714285,false,LAND,failed,abandoned,8.0,1,0
3383613622212816d8dbb00465ad94d5,S3061,U1080,urban,false,false,KINYARWANDA,8,0.7375,0.25,false,LAND,failed,abandoned,9.125,3,0
ff5b90e8dc2cf3b73a5255158b7dec73,S3062,U1151,rural,false,false,KINYARWANDA,7,0.7428571428571429,0.2857142857142857,false,ID_REPLACEMENT,completed,completed,7.142857142857143,3,1
2639eb77a75541ac321b5909afa485ad,S3064,U1060,rural,false,false,KINYARWANDA,8,0.78,0.0,true,BIRTH_CERT,abandoned,completed,9.5,0,1
521e787d7d0ee4fd38e96714b9890fb1,S3069,U1168,rural,false,true,KINYARWANDA,12,0.6174999999999999,0.25,false,ID_REPLACEMENT,abandoned,completed,5.75,2,1
ee7aaf5c6c612a9cfedd4c1d55547c61,S3073,U1016,rural,false,true,KINYARWANDA,14,0.6625,0.25,false,LAND,completed,transferred,8.25,0,0
9b92ceac729fe6e042cb06c0d540f6b0,S3074,U1097,rural,false,true,KINYARWANDA,12,0.7675,0.0,false,LAND,completed,completed,7.75,0,1
5ce546449db97fbdd416a7db59039701,S3075,U1453,urban,false,false,KINYARWANDA,10,0.79875,0.125,false,DL,completed,completed,8.875,1,1
668170a057d039ec4e4d914d35b609c6,S3077,U1197,urban,false,false,KINYARWANDA,13,0.78,0.0,true,DL,completed,completed,12.0,0,1
349f1e8e088358853f60c8bdf7fc79c8,S3079,U1064,rural,false,true,KINYARWANDA,7,0.7600000000000001,0.6666666666666666,false,ID_REPLACEMENT,completed,abandoned,4.666666666666667,1,0
4bc2782652ca4b4b65fff9b27cfbaa7b,S3084,U1021,rural,false,true,KINYARWANDA,13,0.6466666666666666,0.3333333333333333,false,BIRTH_CERT,completed,completed,8.0,1,1
2c8f9965c510d1580b3a0c385f8cf157,S3085,U1111,rural,false,true,KINYARWANDA,7,0.8099999999999999,0.0,false,LAND,completed,completed,8.166666666666666,2,1
c56fc9f7598c0b33bee2481b698f8f9f,S3086,U1056,rural,false,false,KINYARWANDA,4,0.5975,0.25,false,BIRTH_CERT,failed,transferred,6.25,2,0
9e6dd71e4cbed45a0f35a3d83fe09f81,S3090,U1143,rural,false,false,KINYARWANDA,12,0.7157142857142856,0.14285714285714285,false,BIRTH_CERT,completed,completed,9.142857142857142,1,1
93b2b4edb16c35fd84819f5985d83e45,S3092,U1434,rural,false,true,KINYARWANDA,13,0.7999999999999999,0.16666666666666666,true,LAND,completed,completed,9.0,3,1
f3546337aea5bd76956c7d9d9af0e693,S3096,U1075,urban,false,true,KINYARWANDA,10,0.6933333333333334,0.1111111111111111,false,BIRTH_CERT,failed,completed,7.222222222222222,3,1
4ac14f081b0024090400b7efdd8559a4,S3097,U1343,rural,false,false,KINYARWANDA,10,0.6679999999999999,0.2,true,BIRTH_CERT,completed,completed,7.6,0,1
012f5edc357549873e18e4073b4e04a9,S3098,U1494,rural,false,false,KINYARWANDA,3,0.845,0.0,false,DL,failed,completed,7.0,0,1
2c20b567c8bc5f0330fede84018d43b1,S3100,U1293,rural,false,false,KINYARWANDA,9,0.764,0.1,false,DL,completed,transferred,8.2,2,0
8ce428e773a41509a1aa75eadcd79bc0,S3101,U1443,rural,false,true,KINYARWANDA,8,0.7544444444444445,0.0,false,BIRTH_CERT,completed,transferred,8.444444444444445,1,0
09c788b30db8636d283ff14836932d10,S3105,U1191,urban,false,false,KINYARWANDA,8,0.7283333333333334,0.16666666666666666,false,DL,failed,abandoned,4.333333333333333,2,0
d9662c5b3cdd5a7bd68af2631e8bbc83,S3106,U1242,urban,false,false,KINYARWANDA,7,0.658,0.2,false,BIRTH_CERT,completed,completed,9.1,2,1
b3188d7a6cb10893ddcbd54c2d60bac8,S3108,U1048,rural,false,false,KINYARWANDA,6,0.6366666666666667,0.0,true,BIRTH_CERT,completed,completed,6.333333333333333,0,1
94704fac1ee9b3174a70a7110be947eb,S3109,U1447,urban,false,false,KINYARWANDA,10,0.8,0.25,false,LAND,abandoned,completed,6.5,1,1
0ef6032867521372d1843da0af422a3e,S3110,U1031,rural,false,false,KINYARWANDA,12,0.64,0.2857142857142857,false,BIRTH_CERT,failed,completed,7.714285714285714,2,1
38340f212f2fa49bf9189a6ac53b2868,S3111,U1390,urban,false,true,KINYARWANDA,4,0.8300000000000001,0.5,false,ID_REPLACEMENT,abandoned,transferred,8.5,0,0
fa13abfec44c88cf3aa3289399798175,S3112,U1276,urban,false,true,KINYARWANDA,11,0.7255555555555556,0.3333333333333333,true,BIRTH_CERT,failed,completed,6.222222222222222,3,1
1c34d2e26f7b2cc06e568da3de8dd5aa,S3113,U1019,rural,false,true,KINYARWANDA,11,0.638,0.2,false,BIRTH_CERT,completed,completed,6.6,1,1
975fc06b0bbb3a6301e4c0ba51707915,S3115,U1382,urban,true,false,KINYARWANDA,12,0.7600000000000001,0.0,true,DL,failed,completed,4.666666666666667,1,1
13f8c50bc4a0978489d573419606b2d8,S3117,U1365,rural,false,true,KINYARWANDA,6,0.7000000000000001,0.0,true,ID_REPLACEMENT,completed,completed,3.6666666666666665,2,1
2159fbb717e8707d134c8a9c95acae14,S3118,U1371,rural,false,true,KINYARWANDA,6,0.84,0.6666666666666666,false,ID_REPLACEMENT,abandoned,completed,9.666666666666666,2,1
b84d030c40ef68a034e1a833aa7cfd16,S3119,U1213,rural,false,false,KINYARWANDA,8,0.7266666666666667,0.0,true,ID_REPLACEMENT,abandoned,completed,6.666666666666667,1,1
4f04ed682d0f301aa300b99e61575a0d,S3120,U1142,rural,false,false,KINYARWANDA,7,0.7266666666666667,0.3333333333333333,false,LAND,completed,abandoned,10.5,1,0
ceaddb38b5a093c91712db41a1392fb3,S3121,U1375,rural,false,false,KINYARWANDA,8,0.75,0.3333333333333333,true,BIRTH_CERT,completed,abandoned,10.333333333333334,1,0
d80fda6c5fdc3048305d5efe80e972a8,S3122,U1231,rural,false,true,KINYARWANDA,9,0.73,0.5,false,BIRTH_CERT,failed,completed,4.0,1,1
becb8e95b58468168483def68ddd427c,S3123,U1212,urban,false,true,KINYARWANDA,9,0.72,0.75,false,ID_REPLACEMENT,completed,completed,6.5,2,1
32a26f2385c482851d01a774a661f6db,S3125,U1213,rural,false,false,KINYARWANDA,10,0.715,0.25,false,DL,completed,abandoned,9.0,0,0
ec440c620e6fe2815f0e8330b44da156,S3126,U1115,urban,false,false,KINYARWANDA,8,0.7638461538461538,0.0,true,BIRTH_CERT,completed,completed,7.384615384615385,5,1
aaca214e625c32935fe7f7d90ab006e7,S3128,U1269,rural,false,true,KINYARWANDA,8,0.865,0.0,false,BIRTH_CERT,abandoned,abandoned,7.0,0,0
4854359a9f38fd482ec21ecdc001f280,S3131,U1488,urban,false,true,KINYARWANDA,11,0.75,0.2,false,DL,abandoned,completed,9.0,2,1
e8bd868acf56baa9d5cd05b05975df9d,S3134,U1283,rural,false,true,KINYARWANDA,13,0.7257142857142858,0.2857142857142857,false,LAND,failed,abandoned,7.0,2,0
cf99279ebdc4943f47932523bbbe6869,S3135,U1025,urban,false,false,KINYARWANDA,10,0.8055555555555556,0.2222222222222222,false,LAND,failed,completed,9.11111111111111,3,1
9c943adf4cb494094310217c0376dafb,S3136,U1368,rural,false,true,KINYARWANDA,12,0.64,0.0,false,LAND,completed,completed,8.75,1,1
dc8c29f2a0a47f4fb8e3d3a0438b08a1,S3137,U1446,urban,false,false,KINYARWANDA,5,0.7966666666666667,0.0,true,DL,completed,transferred,6.666666666666667,0,0
7a8f069920dc2a04f8796bf56387cf27,S3139,U1408,urban,false,false,KINYARWANDA,13,0.818,0.2,false,LAND,completed,completed,5.4,2,1
3853c0c7a635a45a5e81adc6311ff18b,S3140,U1247,urban,false,true,KINYARWANDA,14,0.82,0.3333333333333333,false,LAND,completed,abandoned,9.666666666666666,1,0
f55ed7aeebebd94acfea687f7e606efc,S3141,U1253,rural,false,true,KINYARWANDA,14,0.7633333333333333,0.0,false,DL,completed,completed,9.5,1,1
9a5e7e39620e24b9a9e426a6f020aa37,S3143,U1455,rural,false,false,KINYARWANDA,9,0.7244444444444444,0.1111111111111111,false,LAND,abandoned,abandoned,7.222222222222222,1,0
553ac9a53e8437f2012762a3b34014d5,S3145,U1096,rural,false,true,KINYARWANDA,12,0.775,0.5,false,BIRTH_CERT,failed,transferred,8.333333333333334,3,0
723a22e12c953973e801f58e23ce2bda,S3147,U1499,urban,false,false,KINYARWANDA,12,0.7999999999999999,0.3333333333333333,false,ID_REPLACEMENT,failed,completed,9.333333333333334,0,1
86baefd5bf57b2308cdb5bf135f91dbd,S3149,U1261,urban,false,false,KINYARWANDA,11,0.9199999999999999,0.5,false,DL,abandoned,transferred,8.0,0,0
437354f052a63816c4560d07fc585a18,S3151,U1435,urban,false,true,KINYARWANDA,12,0.7233333333333333,0.16666666666666666,false,DL,abandoned,completed,8.0,1,1
8dc8faf807ff992a299113fbcc94c5cf,S3152,U1278,urban,false,true,KINYARWANDA,4,0.756,0.0,false,LAND,completed,abandoned,9.0,0,0
0e485fc8a9b7a03cea06b86215f8f439,S3153,U1088,urban,false,false,KINYARWANDA,11,0.6742857142857143,0.2857142857142857,false,ID_REPLACEMENT,completed,completed,4.285714285714286,2,1
118e2f8c8199b33ab1e5d3568f91faef,S3158,U1196,urban,false,false,KINYARWANDA,9,0.6975,0.25,false,DL,abandoned,completed,6.25,0,1
8908387cd284957ec8a8450651cdc97b,S3159,U1306,rural,false,false,KINYARWANDA,12,0.49,0.0,false,LAND,completed,transferred,9.0,0,0
c6a96b2bb82c75e35a9fd047196fc1cf,S3160,U1266,urban,false,true,KINYARWANDA,12,0.6799999999999999,0.2,false,ID_REPLACEMENT,completed,completed,7.0,1,1
e16a3a189297532cba0514c0fe715a7b,S3162,U1073,urban,false,true,KINYARWANDA,11,0.91,0.0,false,BIRTH_CERT,completed,completed,11.0,0,1
8cf48477cb2d20bf38d50156bb625f14,S3170,U1071,rural,false,true,KINYARWANDA,12,0.7533333333333333,0.3333333333333333,false,LAND,failed,completed,5.333333333333333,2,1
2469bf30b8b7d1d64d26b358f3ec01fe,S3171,U1054,rural,false,false,KINYARWANDA,12,0.808,0.0,false,BIRTH_CERT,completed,abandoned,7.8,0,0
edc52ba9e0fdc5a3649bd638ec5cad03,S3173,U1046,rural,false,true,KINYARWANDA,9,0.8216666666666667,0.16666666666666666,false,LAND,completed,transferred,10.0,0,0
a47e7089958d2b436f5671d4252bf466,S3175,U1431,urban,false,false,KINYARWANDA,14,0.81375,0.25,false,LAND,failed,completed,7.375,3,1
f726b45fd54021a646459d67234107ed,S3176,U1237,rural,false,false,KINYARWANDA,8,0.748,0.2,true,ID_REPLACEMENT,abandoned,transferred,7.2,2,0
b7722de2003b2cebb8aa745d4884f49e,S3177,U1103,rural,true,false,KINYARWANDA,7,0.7783333333333333,0.16666666666666666,false,ID_REPLACEMENT,completed,transferred,10.0,2,0
45bfb953ee3b0e73ab3687023f54bdeb,S3178,U1209,rural,false,false,KINYARWANDA,6,0.71,0.2857142857142857,false,BIRTH_CERT,completed,completed,9.0,3,1
ebed43279a222ad397c56d15e69f9e41,S3182,U1453,urban,false,false,KINYARWANDA,3,0.8175,0.0,false,BIRTH_CERT,failed,completed,8.25,0,1
5c98d0fe21b1e7969e8b16ff080110bd,S3183,U1267,urban,false,false,KINYARWANDA,3,0.786,0.0,true,ID_REPLACEMENT,completed,abandoned,7.4,1,0
1e506517efe10de57a065e9d4d426e81,S3184,U1385,urban,false,true,KINYARWANDA,3,0.73,0.3,false,DL,completed,transferred,9.6,1,0
499c52083ab3bf91e80bf8593542fdc1,S3190,U1282,rural,false,false,KINYARWANDA,5,0.7457142857142857,0.0,false,LAND,abandoned,completed,8.714285714285714,1,1
cb93aa6a7ddd2a71b2bee507656d819f,S3192,U1362,rural,false,false,KINYARWANDA,13,0.8042857142857143,0.14285714285714285,false,DL,completed,completed,8.428571428571429,0,1
dbe076d57d714aaf2c81ecf3a461b567,S3193,U1039,rural,false,true,KINYARWANDA,10,0.785,0.25,false,BIRTH_CERT,failed,abandoned,10.5,2,0
2a0ae885ed33832aa9f5c3d6fdb2f9ce,S3194,U1485,urban,false,true,KINYARWANDA,8,0.73,0.5,false,BIRTH_CERT,abandoned,completed,9.0,0,1
393b62f3db098451113140d15c1cd746,S3195,U1416,rural,false,true,KINYARWANDA,14,0.7511111111111111,0.1111111111111111,true,DL,completed,abandoned,8.666666666666666,3,0
0c02123fd63df53aa1f6c028d4adf567,S3196,U1219,urban,false,true,KINYARWANDA,12,0.6900000000000001,0.2857142857142857,true,DL,completed,completed,9.0,3,1
0b51e24cdf26ad4dfe3465dd907284a9,S3197,U1128,rural,true,true,KINYARWANDA,3,0.8366666666666666,0.16666666666666666,true,LAND,completed,completed,6.833333333333333,1,1
ab5d8056712aab8a52f99824ef0a3f0c,S3198,U1007,urban,false,false,KINYARWANDA,10,0.6716666666666667,0.5,false,DL,failed,completed,6.0,2,1
6ef5e643e1a46675c71aacd0ddb4f35b,S3199,U1100,rural,false,true,KINYARWANDA,12,0.7689999999999999,0.2,false,DL,completed,transferred,6.5,1,0
900d7503feb8cfa46582a94c00dae182,S2007,U1152,rural,false,false,KINYARWANDA,3,0.7033333333333333,0.0,false,DL,abandoned,abandoned,6.833333333333333,0,0
b373ecb6ab98af21a0e80a0ac42b0943,S2011,U1303,urban,false,false,KINYARWANDA,10,0.6519999999999999,0.4,false,BIRTH_CERT,completed,completed,8.2,1,1
77162ae0154db5318128cecb7ebe90e5,S2016,U1270,urban,false,false,KINYARWANDA,4,0.7075,0.125,false,BIRTH_CERT,failed,completed,5.375,0,1
478bcb69841b052902528ae73f23d857,S2018,U1431,urban,false,false,KINYARWANDA,10,0.77,0.2,false,LAND,completed,completed,6.8,1,1
85ab57fc5c0546407f4438364abc21bd,S2020,U1325,urban,false,true,KINYARWANDA,3,0.7388888888888888,0.1111111111111111,false,ID_REPLACEMENT,completed,completed,7.333333333333333,2,1
08883c8ba6ecf8a99ffdde0c9040cd62,S2030,U1335,rural,false,false,KINYARWANDA,4,0.6875,0.375,false,ID_REPLACEMENT,failed,completed,9.0,2,1
64e564303669ea76496ce5a86a98c307,S2035,U1280,urban,false,false,KINYARWANDA,13,0.65,0.0,true,DL,abandoned,completed,10.25,2,1
5a6e8f95dcf4c1450bd2b80df530980c,S2038,U1050,urban,false,false,KINYARWANDA,13,0.7071428571428572,0.2857142857142857,false,ID_REPLACEMENT,failed,completed,6.714285714285714,2,1
b6bfd0606591532541058f88b73cc875,S2045,U1289,rural,false,true,KINYARWANDA,12,0.702,0.4,false,ID_REPLACEMENT,completed,abandoned,9.7,1,0
00f3b30aac9e68d3debeb5fbd4546743,S2048,U1451,rural,false,false,KINYARWANDA,12,0.7,0.2,false,ID_REPLACEMENT,abandoned,completed,10.0,1,1
34ddf30a1a6f476c82e2c602af1c1b4e,S2049,U1495,rural,true,false,KINYARWANDA,14,0.6766666666666666,0.0,false,LAND,completed,abandoned,7.333333333333333,1,0
51c28b8777567a4bb03a38f38c7cbdd1,S2057,U1290,rural,false,true,KINYARWANDA,5,0.7779999999999999,0.6,false,DL,completed,abandoned,8.6,1,0
f21af563764d52fd4abcfeb0dceeabd3,S2060,U1105,rural,false,true,KINYARWANDA,3,0.815,0.5,false,LAND,completed,abandoned,5.5,0,0
5c528905920c5eddd991eb664223b085,S2062,U1157,urban,false,false,KINYARWANDA,3,0.8483333333333333,0.16666666666666666,false,LAND,failed,transferred,10.333333333333334,1,0
c9c7fd02a19a53fcce08440c1793ea52,S2074,U1107,urban,false,false,KINYARWANDA,8,0.772,0.0,false,BIRTH_CERT,completed,completed,7.2,0,1
2055d650b77698b16c8e1d4aac2ae375,S2077,U1396,urban,false,true,KINYARWANDA,10,0.7362500000000001,0.125,false,LAND,completed,transferred,9.875,1,0
657397222ed54e17259e5c862885647b,S2080,U1446,urban,false,false,KINYARWANDA,3,0.73,0.25,false,DL,completed,abandoned,5.0,0,0
b90335503871e9f9dfa812c03671e62f,S2088,U1083,rural,false,false,KINYARWANDA,8,0.8033333333333333,0.3333333333333333,true,ID_REPLACEMENT,abandoned,abandoned,8.333333333333334,1,0
93eb62d846890fc6270f100452e2c704,S2090,U1373,urban,false,false,KINYARWANDA,9,0.77,0.0,false,DL,completed,completed,8.0,1,1
e377a2f5458b2b50415ab1b4bba71517,S2100,U1140,urban,true,false,KINYARWANDA,5,0.975,0.5,false,LAND,completed,transferred,7.0,1,0
ab1cbee923e0edfe760168f9aa6af599,S2101,U1374,rural,true,true,KINYARWANDA,6,0.735,0.0,false,ID_REPLACEMENT,completed,completed,8.0,0,1
4c5840201768e90b3d4869ba4b9b0c15,S2104,U1276,urban,false,true,KINYARWANDA,13,0.734,0.2,false,LAND,abandoned,completed,7.8,1,1
7f023a93041a8b62581c4aea58c2b0ed,S2120,U1048,rural,false,false,KINYARWANDA,4,0.67,0.0,false,BIRTH_CERT,completed,completed,10.5,1,1
4652117938bdbe4f7acd68a4b01f0fdc,S2128,U1099,rural,true,true,KINYARWANDA,6,0.6699999999999999,0.16666666666666666,false,LAND,completed,completed,7.333333333333333,2,1
e83d2bac960ff25e01aba746bd9f636f,S2142,U1048,rural,false,false,KINYARWANDA,8,0.8457142857142858,0.2857142857142857,false,LAND,completed,completed,9.0,0,1
3339fa644da7b108939fabeead45c847,S2143,U1482,rural,false,false,KINYARWANDA,4,0.78,0.0,false,DL,completed,completed,8.5,1,1
7057e0cbe24beba232e260a48f6811fe,S2149,U1464,urban,false,false,KINYARWANDA,5,0.788,0.2,false,BIRTH_CERT,abandoned,abandoned,7.4,0,0
e5ed5ebfd95a589641fb98bed03d2683,S2156,U1454,rural,false,true,KINYARWANDA,7,0.595,0.0,false,ID_REPLACEMENT,completed,completed,9.0,0,1
17ccfc33e7f2e0347a08d88ed37170df,S2159,U1137,urban,false,false,KINYARWANDA,9,0.6842857142857143,0.14285714285714285,false,DL,failed,transferred,8.857142857142858,1,0
c54147e2fa0d531c5b411c97b0b6ce46,S2162,U1076,urban,false,true,KINYARWANDA,13,0.79,0.0,false,ID_REPLACEMENT,abandoned,abandoned,7.0,0,0
e542b6de2747bd0980e36690c37249ec,S2180,U1486,rural,false,true,KINYARWANDA,10,0.7816666666666666,0.16666666666666666,false,DL,completed,completed,7.833333333333333,2,1
7452eddff89db7cb962ce61cd0efa1df,S2187,U1101,urban,false,false,KINYARWANDA,14,0.54,0.0,false,BIRTH_CERT,completed,abandoned,6.0,0,0
67238f0654026a218552be46037cd2d6,S2202,U1378,urban,true,true,KINYARWANDA,6,0.805,0.5,true,ID_REPLACEMENT,abandoned,transferred,6.0,1,0
189e3954782411a5dee077210b942b6f,S2214,U1026,rural,false,false,KINYARWANDA,14,0.79,0.125,false,LAND,abandoned,completed,9.875,1,1
93d384ed935f483c2260911ab896133e,S2215,U1159,urban,false,true,KINYARWANDA,3,0.6849999999999999,0.125,false,DL,completed,abandoned,8.875,3,0
cd246627c0416483c6ae8fc39bdf751d,S2216,U1148,rural,false,false,KINYARWANDA,12,0.78,0.1,false,LAND,abandoned,completed,6.4,0,1
56fc3d8e9774f01241e5b4ce8adf48bf,S2224,U1057,rural,true,true,KINYARWANDA,11,0.8,0.0,false,LAND,completed,completed,11.0,0,1
b56620a93eb6b04cc773f22acaab3963,S2226,U1341,rural,false,false,KINYARWANDA,10,0.8140000000000001,0.4,false,DL,abandoned,transferred,8.4,1,0
9bd92040bba197bc5f77963e3ca0258b,S2227,U1325,urban,false,true,KINYARWANDA,12,0.78,0.0,true,LAND,abandoned,abandoned,11.0,1,0
78857b97c056407403a989784aa10617,S2233,U1208,rural,false,true,KINYARWANDA,7,0.69875,0.0,false,ID_REPLACEMENT,abandoned,completed,9.625,1,1
ef2024e5bdc7d623344568a8b6feaae9,S2238,U1115,urban,false,false,KINYARWANDA,14,0.7814285714285714,0.14285714285714285,false,ID_REPLACEMENT,completed,abandoned,7.571428571428571,4,0
8faf12987b3ba3b5351144daab65fc7d,S2242,U1441,urban,false,true,KINYARWANDA,8,0.7266666666666666,0.0,false,DL,completed,abandoned,5.333333333333333,0,0
464128644596bb142b3049c730dbc99f,S2270,U1103,rural,true,false,KINYARWANDA,12,0.735,0.16666666666666666,true,LAND,completed,abandoned,6.333333333333333,1,0
0e41214f9581eb67fda309005d4d8a13,S2273,U1467,urban,false,true,KINYARWANDA,7,0.7075,0.5,false,ID_REPLACEMENT,failed,abandoned,7.5,1,0
a168a26c5856b6f737b3817a6c9d53e1,S2274,U1359,rural,true,false,KINYARWANDA,10,0.7016666666666667,0.16666666666666666,false,BIRTH_CERT,completed,abandoned,5.666666666666667,1,0
f0275bffe44237bd6840e9074a131ffa,S2289,U1271,urban,false,false,KINYARWANDA,13,0.799090909090909,0.36363636363636365,false,LAND,failed,completed,8.0,2,1
7a6db8a583fe54836b4a8702b9094f6e,S2295,U1291,rural,false,true,KINYARWANDA,12,0.716,0.0,false,BIRTH_CERT,completed,abandoned,7.0,0,0
f298d34a8cf0343560239b8d112f177c,S2301,U1360,rural,false,false,KINYARWANDA,6,0.73,0.16666666666666666,false,BIRTH_CERT,abandoned,abandoned,6.666666666666667,1,0
60bb61a5370991bf5a99259eab7d85f9,S2305,U1248,urban,false,false,KINYARWANDA,10,0.745,0.0,false,BIRTH_CERT,failed,completed,7.0,0,1
f7b90d565da5293bbc8a33066bd0081d,S2307,U1448,rural,false,false,KINYARWANDA,7,0.8036363636363636,0.09090909090909091,false,DL,abandoned,completed,7.181818181818182,1,1
22cd0df977f2847c382023dafa399325,S2308,U1330,rural,false,false,KINYARWANDA,4,0.7866666666666667,0.0,true,ID_REPLACEMENT,completed,completed,6.333333333333333,0,1
82e9cc7c647804767353c2ae4fc57344,S2313,U1153,rural,false,false,KINYARWANDA,6,0.9,0.0,false,DL,completed,completed,9.0,0,1
10cd2e35804db94546336fc81be01087,S2320,U1426,rural,false,true,KINYARWANDA,10,0.745,0.5,false,LAND,failed,transferred,9.75,1,0
0ca4207abfbad5b3c0f62f686e1b4e20,S2327,U1011,urban,false,false,KINYARWANDA,13,0.67,0.0,false,DL,abandoned,transferred,8.75,0,0
854b11e7d8d2a21d38392f1190d9d711,S2328,U1238,urban,false,false,KINYARWANDA,4,0.655,0.125,false,DL,abandoned,completed,8.0,2,1
b1765308ab4b46e19c22cfe25831ff2d,S2329,U1048,rural,false,false,KINYARWANDA,12,0.66875,0.125,false,BIRTH_CERT,failed,completed,7.125,1,1
a9e0a1358c3dd17c453aa6f719583920,S2332,U1081,urban,false,true,KINYARWANDA,3,0.74,0.25,false,DL,completed,completed,8.75,2,1
d6222e1d64a69614b4c67dff2e3b8c8e,S2334,U1290,rural,false,true,KINYARWANDA,11,0.712,0.2,false,BIRTH_CERT,failed,completed,6.6,1,1
954c144b898ea033030754bea783722b,S2337,U1489,urban,false,true,KINYARWANDA,5,0.61,0.0,false,ID_REPLACEMENT,completed,transferred,5.5,0,0
2cca9ffd5ac281b44e3fd388a5284ab3,S2350,U1065,rural,false,false,KINYARWANDA,11,0.7328571428571429,0.14285714285714285,false,LAND,failed,completed,5.428571428571429,1,1
43d1cd2c3aa023cc2e2720240c616651,S2351,U1346,urban,true,true,KINYARWANDA,10,0.69,0.5,true,BIRTH_CERT,completed,abandoned,8.0,1,0
16d9af6aa341d8afdfc376f5423d622b,S2356,U1275,rural,false,true,KINYARWANDA,8,0.6266666666666666,0.0,true,LAND,completed,completed,7.5,2,1
28c4b26b38545fa964715b21445ba1d8,S2357,U1465,rural,false,true,KINYARWANDA,5,0.5775,0.0,false,ID_REPLACEMENT,completed,completed,8.75,0,1
916fc862104c948d2d53c5891cf14d18,S2367,U1094,urban,false,true,KINYARWANDA,14,0.744,0.2,false,DL,completed,completed,8.5,4,1
796ae0ba59d3a68bc1e3ee7d242a0c36,S2371,U1335,rural,false,false,KINYARWANDA,8,0.69,0.25,false,LAND,completed,completed,8.375,2,1
8e6e3984d5dc6ec4ee03d09643ea556a,S2372,U1309,rural,false,false,KINYARWANDA,14,0.75,0.0,false,ID_REPLACEMENT,abandoned,completed,5.5,0,1
5e656abfaccc6289441ca151d21e2d63,S2386,U1481,urban,false,true,KINYARWANDA,13,0.866,0.4,false,BIRTH_CERT,abandoned,completed,6.2,0,1
0f1cd09162f9b6c64dcfea87cd4d3edb,S2390,U1067,urban,false,true,KINYARWANDA,7,0.7728571428571429,0.14285714285714285,false,DL,abandoned,completed,7.857142857142857,0,1
1e028b3aba4639ced56c14786d505f5a,S2393,U1011,urban,false,false,KINYARWANDA,10,0.6916666666666668,0.0,false,BIRTH_CERT,failed,abandoned,9.5,0,0
0268c7b5882dd53f6ab7309d1c1ba430,S2400,U1333,rural,false,false,KINYARWANDA,8,0.8116666666666666,0.16666666666666666,false,DL,completed,completed,7.833333333333333,1,1
77bf4a955c6d1d6786d8745cc16ac669,S2405,U1446,urban,false,false,KINYARWANDA,12,0.75,0.5,false,DL,completed,completed,5.5,2,1
4a5194a74231b8b8543ded42ca000923,S2410,U1253,rural,false,true,KINYARWANDA,13,0.7133333333333334,0.0,true,BIRTH_CERT,completed,abandoned,7.333333333333333,1,0
d59d3a9da0f69b89a2959e2ab50e7757,S2414,U1466,rural,false,false,KINYARWANDA,13,0.7799999999999999,0.0,false,BIRTH_CERT,completed,transferred,7.833333333333333,0,0
1029e840f4f8ada880eff5ac6eec9a9c,S2417,U1004,rural,false,false,KINYARWANDA,7,0.7566666666666667,0.0,false,ID_REPLACEMENT,completed,completed,11.0,0,1
04903117ab31bef774245100b86e85be,S2423,U1381,urban,false,true,KINYARWANDA,7,0.7625,0.0,false,ID_REPLACEMENT,completed,completed,7.0,1,1
adeb3c43fd861964cc1126b21472f655,S2427,U1414,urban,false,false,KINYARWANDA,14,0.7744444444444444,0.3333333333333333,true,BIRTH_CERT,failed,transferred,6.888888888888889,3,0
6dd51ff831e92e9a291590d839532df1,S2431,U1470,rural,false,false,KINYARWANDA,8,0.82,0.16666666666666666,true,DL,abandoned,abandoned,6.333333333333333,2,0
207a4e8be37cbc15c627fc6e0e59937e,S2442,U1079,rural,false,false,KINYARWANDA,12,0.716,0.2,false,DL,completed,completed,9.8,0,1
a8d21dac00a2495a940b8f3c4b8801ea,S2446,U1259,rural,false,false,KINYARWANDA,3,0.7200000000000001,0.3333333333333333,false,ID_REPLACEMENT,completed,abandoned,8.333333333333334,1,0
28583405b8f7009501b37bf29541bdbd,S2463,U1484,rural,false,true,KINYARWANDA,8,0.8939999999999999,0.4,false,ID_REPLACEMENT,completed,abandoned,6.8,2,0
ca94e35401e6493cd6ae9e7a195ee303,S2464,U1115,urban,false,false,KINYARWANDA,6,0.74,0.25,false,LAND,failed,transferred,9.125,2,0
f6bbe5774860e001de51ad9991da4580,S2471,U1091,urban,false,false,KINYARWANDA,4,0.675,0.0,true,ID_REPLACEMENT,completed,abandoned,7.0,1,0
ab49ed15124d4da826ac4de228473a7b,S2485,U1078,rural,false,true,KINYARWANDA,11,0.7033333333333333,0.0,true,DL,completed,completed,11.0,1,1
bc1f88511f434b75c7159df404cfbaaf,S2493,U1064,rural,false,true,KINYARWANDA,12,0.6725,0.0,true,LAND,completed,completed,8.5,1,1
d79a39d0e9eb0f225582ef740bc05aca,S2498,U1492,rural,false,true,KINYARWANDA,13,0.6933333333333334,0.3333333333333333,true,LAND,completed,transferred,9.333333333333334,1,0
11a52532acbf7b68551bcd495b99c348,S2500,U1180,rural,false,false,KINYARWANDA,10,0.78,0.5,false,DL,completed,abandoned,8.0,1,0
f39991593ec2c4eb8fb9b28dbbe4877c,S2503,U1172,rural,true,false,KINYARWANDA,8,0.82125,0.25,false,DL,abandoned,completed,6.875,1,1
77b3671bb46260e1d52fc8f2cdca8f7c,S2509,U1187,rural,false,true,KINYARWANDA,8,0.67,0.0,false,ID_REPLACEMENT,failed,abandoned,8.5,0,0
bff03d9a1c989e98983df7c43d631891,S2518,U1195,rural,false,false,KINYARWANDA,3,0.6866666666666666,0.3333333333333333,false,DL,failed,abandoned,9.166666666666666,2,0
cc559abda776a88bc11bcba2d6377453,S2521,U1111,rural,false,true,KINYARWANDA,9,0.8409090909090909,0.18181818181818182,false,BIRTH_CERT,failed,completed,8.727272727272727,3,1
b4caad419934ff895f571704f220e8e0,S2524,U1231,rural,false,true,KINYARWANDA,13,0.6485714285714286,0.14285714285714285,false,ID_REPLACEMENT,completed,completed,8.285714285714286,1,1
caca6661a803f6d49380f630ab5ca5f9,S2536,U1104,urban,false,false,KINYARWANDA,5,0.8225,0.5,false,DL,abandoned,abandoned,8.0,1,0
18f9daacd516817371ab4772f76bb6cb,S2562,U1432,urban,false,false,KINYARWANDA,4,0.7925,0.0,false,DL,abandoned,abandoned,4.75,0,0
ae447c9fc4fbcea38d6fa968456c6238,S2565,U1443,rural,false,true,KINYARWANDA,4,0.7683333333333334,0.5,false,ID_REPLACEMENT,failed,completed,6.333333333333333,2,1
e77fc7a0685b0b98043d036d84ecf85c,S2577,U1332,rural,false,true,KINYARWANDA,13,0.6333333333333333,0.0,true,ID_REPLACEMENT,completed,completed,9.333333333333334,1,1
368aaa16430e60b6c98f5d61602a1128,S2578,U1199,urban,false,true,KINYARWANDA,4,0.7414285714285714,0.14285714285714285,false,LAND,abandoned,transferred,9.0,1,0
bcc04de9ab3695845c078207520d8ecf,S2588,U1132,rural,false,true,KINYARWANDA,12,0.78,0.42857142857142855,false,DL,completed,completed,7.571428571428571,2,1
189eda6eee9fd77f6ada7f20626b8070,S2603,U1050,urban,false,false,KINYARWANDA,11,0.6,0.5,false,DL,abandoned,transferred,3.0,0,0
af8ce1efca2fc5c0f7582bc68b03fd95,S2618,U1336,urban,false,true,KINYARWANDA,13,0.766,0.0,true,DL,completed,abandoned,8.0,1,0
6ce0aaf633342fae6e02730b93f48f34,S2629,U1048,rural,false,false,KINYARWANDA,13,0.76,0.0,true,ID_REPLACEMENT,completed,completed,4.25,1,1
7737b6c5af1a32382e65de74fc5bae7b,S2644,U1163,rural,false,false,KINYARWANDA,8,0.64,0.0,false,LAND,abandoned,completed,7.25,0,1
e786ac9727d02c7885ad51c36b48e417,S2649,U1373,urban,false,false,KINYARWANDA,5,0.7385714285714285,0.42857142857142855,false,BIRTH_CERT,failed,completed,6.857142857142857,4,1
d33199180723447a50bb673e24eb9c6c,S2652,U1159,urban,false,true,KINYARWANDA,5,0.75,0.25,false,BIRTH_CERT,abandoned,completed,8.0,1,1
08558ebafd68da6b4a2eeac31478d8b7,S2655,U1287,rural,false,true,KINYARWANDA,5,0.7833333333333333,0.3333333333333333,true,DL,completed,completed,9.0,1,1
df72f718fa19e05d9ce35dd160842051,S2660,U1009,urban,false,false,KINYARWANDA,6,0.7814285714285714,0.14285714285714285,false,ID_REPLACEMENT,completed,completed,7.0,1,1
fa6445b9ccdda73574087bf57ddbc3b5,S2675,U1499,urban,false,false,KINYARWANDA,5,0.78,0.0,false,BIRTH_CERT,completed,completed,7.0,1,1
5003a85c753c34017c70a7e38ed3ad4b,S2682,U1173,rural,false,true,KINYARWANDA,13,0.8400000000000001,0.0,false,DL,completed,completed,7.6,1,1
327e29b2e90495d2b18a6277f51e58c5,S2686,U1482,rural,false,false,KINYARWANDA,13,0.7371428571428572,0.14285714285714285,false,DL,completed,completed,9.857142857142858,2,1
85ca9f52ff6c9dba27cffa4ffbd05637,S2697,U1148,rural,false,false,KINYARWANDA,9,0.7722222222222223,0.0,true,DL,abandoned,completed,9.333333333333334,3,1
cfc3a538a2ba13b87b2b75ee038b5156,S2698,U1396,urban,false,true,KINYARWANDA,3,0.834,0.0,false,BIRTH_CERT,failed,completed,5.4,0,1
1fb369cedcba84b4ad8febf90d00a75d,S2700,U1125,rural,false,false,KINYARWANDA,6,0.74,0.0,false,DL,abandoned,abandoned,8.6,0,0
a47944839af5894f442d7d1849007e43,S2701,U1391,rural,false,true,KINYARWANDA,10,0.7616666666666667,0.16666666666666666,false,LAND,abandoned,abandoned,9.0,0,0
024ddf5d38bbec80d67b3ed06f5dcbe3,S2714,U1344,rural,false,false,KINYARWANDA,4,0.7224999999999999,0.0,true,ID_REPLACEMENT,completed,transferred,7.5,1,0
ea82fa0d96fe2d2051bd7ed3ef49abb2,S2717,U1284,rural,false,true,KINYARWANDA,5,0.755,0.125,false,ID_REPLACEMENT,completed,completed,7.75,2,1
2f0be0f78d0d9e788776b6f66db18d2c,S2728,U1462,urban,false,true,KINYARWANDA,11,0.78,0.0,false,DL,abandoned,completed,10.5,0,1
db137f606c3aac4ffe97a0acd40fbeac,S2741,U1190,rural,false,true,KINYARWANDA,3,0.77,0.5,false,DL,abandoned,transferred,4.25,1,0
64e23a861c3bd9558efcf15bd7dae0f0,S2743,U1018,rural,false,false,KINYARWANDA,13,0.6657142857142857,0.0,false,DL,completed,completed,8.142857142857142,1,1
a35ace02d2234d88e8c52d973e75fc36,S2745,U1412,urban,false,true,KINYARWANDA,9,0.7483333333333334,0.16666666666666666,true,LAND,failed,abandoned,6.333333333333333,2,0
a9768d88572080697a6592c54eb676a0,S2750,U1280,urban,false,false,KINYARWANDA,14,0.8875,0.0,false,BIRTH_CERT,completed,abandoned,5.0,0,0
0f4975a0d17dba1a1b2b651da81a53d0,S2751,U1127,urban,false,true,KINYARWANDA,4,0.8266666666666667,0.0,true,LAND,completed,abandoned,7.666666666666667,3,0
80bc478cbc3cca055937fe80d9c039c5,S2752,U1228,urban,false,false,KINYARWANDA,13,0.7475,0.25,false,BIRTH_CERT,abandoned,completed,3.0,1,1
aba9432afdab93b4358b87fecf6689d6,S2753,U1110,rural,true,false,KINYARWANDA,9,0.6809090909090909,0.18181818181818182,false,LAND,completed,completed,7.636363636363637,2,1
eb85b9c0fe6af8963883f5252591ba8a,S2754,U1135,rural,false,true,KINYARWANDA,3,0.7711111111111112,0.1111111111111111,false,BIRTH_CERT,completed,completed,9.222222222222221,2,1
ae3158f173348104e4c76717215a72a1,S2761,U1260,urban,false,true,KINYARWANDA,6,0.7391666666666666,0.4166666666666667,false,DL,completed,transferred,9.25,6,0
5cb4b0d64e7faef83ee4028d91235347,S2765,U1103,rural,true,false,KINYARWANDA,13,0.7050000000000001,0.0,false,BIRTH_CERT,completed,abandoned,11.5,1,0
f096af01a617c1f1c8e1bfbaeea78960,S2767,U1223,rural,false,false,KINYARWANDA,13,0.8075,0.25,false,BIRTH_CERT,completed,completed,8.5,1,1
e3e9f1ca81253ec506c27d97c2cb14a4,S2768,U1319,rural,false,true,KINYARWANDA,11,0.765,0.3333333333333333,false,BIRTH_CERT,abandoned,completed,8.166666666666666,2,1
44fa756eece8a8545dc8db7e34a93a57,S2774,U1404,rural,false,false,KINYARWANDA,14,0.70875,0.0,false,DL,abandoned,completed,6.625,0,1
23b536c552e79e742222ecb2a15799af,S2775,U1383,urban,false,true,KINYARWANDA,6,0.8028571428571428,0.14285714285714285,false,BIRTH_CERT,abandoned,completed,8.428571428571429,3,1
64e55519991ff0db1c62f1700c9598ff,S2781,U1424,rural,false,false,KINYARWANDA,4,0.7775000000000001,0.25,false,BIRTH_CERT,completed,completed,7.0,1,1
d167c6a3cff444850ff2f923df4ea868,S2782,U1111,rural,false,true,KINYARWANDA,13,0.745,0.0,false,ID_REPLACEMENT,abandoned,completed,5.75,0,1
b73b7c97c2a381ac8236b5c1a6487242,S2791,U1053,urban,false,false,KINYARWANDA,3,0.741,0.1,false,ID_REPLACEMENT,failed,completed,9.9,3,1
b6f9e64113ab1e54fbaca152d5be4378,S2800,U1019,rural,false,true,KINYARWANDA,8,0.7071428571428572,0.14285714285714285,false,BIRTH_CERT,failed,completed,7.857142857142857,2,1
d184d7f1c0305e461b99ca95751778d1,S2802,U1399,urban,true,false,KINYARWANDA,14,0.8075,0.0,false,BIRTH_CERT,abandoned,completed,7.25,1,1
737019ff311bca533a71d6e12f4813f3,S2804,U1222,rural,true,true,KINYARWANDA,4,0.74,0.8,false,ID_REPLACEMENT,completed,abandoned,6.6,2,0
d9a437d7a5110d1b092221f878b85550,S2805,U1069,urban,false,true,KINYARWANDA,4,0.7490909090909091,0.2727272727272727,false,LAND,completed,abandoned,6.7272727272727275,2,0
e3d7c8cb6fb5042db3b1dc996ddecd91,S2808,U1100,rural,false,true,KINYARWANDA,12,0.69,0.5,false,DL,completed,completed,7.5,1,1
533a14c4aeb82da8b9d7a202d8e33bc9,S2815,U1393,urban,false,false,KINYARWANDA,13,0.7957142857142857,0.14285714285714285,false,LAND,completed,completed,6.571428571428571,1,1
959f868038fc1323bea1af7bf18445e2,S2818,U1153,rural,false,false,KINYARWANDA,9,0.68125,0.125,true,BIRTH_CERT,failed,completed,7.125,4,1
51bdd6c2a8b14e1886ca40fa71c52a18,S2820,U1229,urban,false,true,KINYARWANDA,8,0.728,0.2,true,DL,abandoned,abandoned,6.6,2,0
c5375b7421228db19f656bb8294d6d90,S2821,U1468,rural,false,false,KINYARWANDA,4,0.7671428571428571,0.14285714285714285,true,DL,abandoned,abandoned,6.0,2,0
2fb0f734d8258b1835781d2881163cc8,S2827,U1037,rural,false,false,KINYARWANDA,8,0.8228571428571428,0.14285714285714285,false,LAND,failed,abandoned,7.142857142857143,1,0
9aa9d5a296230db58dcde727027b2dac,S2828,U1429,rural,false,false,KINYARWANDA,4,0.84,1.0,false,DL,completed,abandoned,6.0,0,0
41612cf00079ce4f54c641a7440820fe,S2834,U1272,urban,false,false,KINYARWANDA,8,0.7625,0.125,false,BIRTH_CERT,abandoned,completed,7.125,1,1
b3b3c3bad1893a86f29ec37d863639ef,S2839,U1013,rural,false,true,KINYARWANDA,3,0.6616666666666666,0.0,false,ID_REPLACEMENT,completed,completed,9.0,1,1
5ec01c95cb8a25a6e287d517b13071c4,S2844,U1185,urban,false,false,KINYARWANDA,12,0.748,0.0,false,ID_REPLACEMENT,completed,abandoned,8.2,0,0
01bb51f8a28db3185fe7a3d671b8980c,S2846,U1499,urban,false,false,KINYARWANDA,10,0.7263636363636364,0.2727272727272727,false,LAND,abandoned,transferred,9.0,4,0
1438291658ca8500dcf9a2659c96d117,S2866,U1075,urban,false,true,KINYARWANDA,7,0.73,0.3333333333333333,false,ID_REPLACEMENT,completed,completed,5.333333333333333,1,1
c0254ae6e36ec5bca25584061c213ec8,S2869,U1485,urban,false,true,KINYARWANDA,5,0.7842857142857144,0.0,true,LAND,abandoned,abandoned,5.571428571428571,3,0
56e1548bba124fadac8a820ab79a181b,S2872,U1355,urban,false,false,KINYARWANDA,11,0.8875,0.25,false,ID_REPLACEMENT,abandoned,completed,5.75,0,1
6a82e469e01d8392511ca4d753df6ba1,S2874,U1018,rural,false,false,KINYARWANDA,6,0.8611111111111112,0.2222222222222222,false,DL,failed,transferred,7.888888888888889,3,0
82d0d649bdd7fdfe2aa750efdeef2a35,S2882,U1480,urban,false,false,KINYARWANDA,3,0.7150000000000001,0.0,false,LAND,completed,abandoned,9.5,0,0
7b1675683539a6448804a36998bb51f0,S2884,U1318,rural,true,true,KINYARWANDA,4,0.79,0.2,false,LAND,completed,completed,6.0,2,1
54f8fe3781fcbb8b8450802596c9ae68,S2887,U1250,rural,false,false,KINYARWANDA,4,0.72,0.0,true,DL,completed,completed,9.75,2,1
007aba12495004bce380c87f7dbe228c,S2889,U1250,rural,false,false,KINYARWANDA,14,0.8066666666666666,0.0,true,LAND,completed,completed,11.666666666666666,1,1
f608c2266832d1bf99a51ce3b5d3259a,S2892,U1312,rural,false,false,KINYARWANDA,12,0.7566666666666667,0.16666666666666666,false,DL,completed,completed,6.0,1,1
eeb8f848bb0f80c7e546b43bc848716e,S2894,U1300,rural,false,true,KINYARWANDA,13,0.808,0.2,false,BIRTH_CERT,completed,abandoned,10.0,1,0
f520f1f918b9430ceb5573f1d343320f,S2895,U1160,rural,false,false,KINYARWANDA,9,0.7785714285714286,0.14285714285714285,false,BIRTH_CERT,completed,transferred,9.142857142857142,1,0
d7cbbeb496027df28d97bfad7b625b0c,S2905,U1046,rural,false,true,KINYARWANDA,9,0.8300000000000001,0.16666666666666666,true,ID_REPLACEMENT,completed,completed,9.166666666666666,3,1
60bbb61e4037fd42d3dda8b15722d9a9,S2906,U1077,rural,false,false,KINYARWANDA,11,0.7633333333333333,0.0,true,BIRTH_CERT,abandoned,completed,8.0,0,1
dd861e45f488c7f8d8ae8d9bb06b0f8d,S2918,U1258,rural,false,true,KINYARWANDA,10,0.7225,0.0,false,ID_REPLACEMENT,abandoned,abandoned,8.0,0,0
ed202c77938f026e1d053399322d1d02,S2921,U1112,urban,false,true,KINYARWANDA,13,0.642,0.2,false,LAND,failed,completed,12.0,0,1
051ffa1c05b94766642c168f52f21fc6,S2923,U1253,rural,false,true,KINYARWANDA,7,0.735,0.0,false,BIRTH_CERT,failed,transferred,8.5,0,0
9c1ee2bdfa47f3ffc11e0c16d984682d,S2931,U1402,rural,false,true,KINYARWANDA,13,0.735,0.6666666666666666,false,ID_REPLACEMENT,failed,completed,7.333333333333333,3,1
957e35b4fc55a256e91912845f10b9af,S2938,U1348,rural,false,false,KINYARWANDA,4,0.69875,0.125,false,ID_REPLACEMENT,completed,completed,9.0,2,1
1e1b520496519ba13f25bdb733fa3356,S2942,U1048,rural,false,false,KINYARWANDA,9,0.7485714285714286,0.2857142857142857,false,BIRTH_CERT,failed,abandoned,6.0,5,0
c0cc4e3df6c22adaf5b796ddcf7958e7,S2948,U1069,urban,false,true,KINYARWANDA,13,0.7877777777777778,0.0,false,LAND,failed,completed,6.777777777777778,0,1
be569be650579a07f07d9733b3b560df,S2955,U1418,urban,false,false,KINYARWANDA,14,0.7633333333333333,0.16666666666666666,true,LAND,completed,abandoned,7.333333333333333,2,0
707fb41ccd1ff5622d27d3a9f4820876,S2962,U1181,rural,false,true,KINYARWANDA,8,0.7522222222222221,0.1111111111111111,true,BIRTH_CERT,failed,transferred,8.0,2,0
321fd0aad299837c8f6cc4a4457ebcc7,S2977,U1105,rural,false,true,KINYARWANDA,9,0.7714285714285715,0.14285714285714285,false,DL,completed,completed,6.571428571428571,2,1
bf534faf3cb91f91375b7a327ac274a0,S2981,U1390,urban,false,true,KINYARWANDA,5,0.79,0.0,false,LAND,completed,completed,5.375,2,1
61e5b3905779a96f23022490dc976e4d,S2982,U1162,urban,false,true,KINYARWANDA,4,0.7177777777777777,0.2222222222222222,false,ID_REPLACEMENT,abandoned,abandoned,8.555555555555555,2,0
77712ba0ddfb2c15732a53f4efae2115,S2987,U1393,urban,false,false,KINYARWANDA,7,0.7157142857142856,0.5714285714285714,false,LAND,failed,completed,8.142857142857142,3,1
ec5b3d036d2cffcf50f5ed637819dad9,S2988,U1335,rural,false,false,KINYARWANDA,9,0.84,0.0,true,BIRTH_CERT,completed,completed,6.666666666666667,1,1
42b3af481bf613332758fec5182808d7,S3001,U1106,rural,false,true,KINYARWANDA,13,0.6675,0.25,false,ID_REPLACEMENT,completed,completed,9.0,1,1
087d6b54dee3aeb79abf429624b5465d,S3008,U1195,rural,false,false,KINYARWANDA,12,0.716,0.2,false,BIRTH_CERT,completed,abandoned,6.2,1,0
fd5235f4b8191a631e39e967bee47cdc,S3011,U1474,rural,true,true,KINYARWANDA,8,0.7140000000000001,0.4,false,ID_REPLACEMENT,completed,abandoned,9.4,0,0
8cc5c951c26cea46966f9b942c26620a,S3020,U1147,rural,false,false,KINYARWANDA,3,0.7600000000000001,0.3333333333333333,false,LAND,failed,abandoned,10.666666666666666,1,0
b934be8085b8c3080af7ac70e2e62d55,S3033,U1164,rural,false,true,KINYARWANDA,4,0.76125,0.125,true,LAND,failed,completed,7.5,4,1
ba493fba729648ac6f8adb06fcdb29fd,S3035,U1020,urban,false,false,KINYARWANDA,3,0.8540000000000001,0.0,true,BIRTH_CERT,completed,abandoned,9.8,2,0
5ddcc448680bdfbf011ed17c90b3cc29,S3038,U1130,rural,false,false,KINYARWANDA,14,0.7675000000000001,0.125,false,ID_REPLACEMENT,abandoned,completed,9.875,0,1
db48d969aa1c960c872a9235c0ca3c18,S3039,U1086,urban,true,false,KINYARWANDA,9,0.7866666666666666,0.0,true,BIRTH_CERT,failed,abandoned,12.0,0,0
9d34786965d96ff1e8c1b291eb969e46,S3041,U1420,urban,false,true,KINYARWANDA,11,0.6933333333333334,0.0,true,BIRTH_CERT,failed,completed,7.5,2,1
0fbcbdca6ad72a7ecd670371d3c166bc,S3055,U1195,rural,false,false,KINYARWANDA,14,0.7033333333333333,0.16666666666666666,false,BIRTH_CERT,abandoned,completed,9.166666666666666,0,1
dc49582a6be4ff20e5d60be4a6f89d36,S3057,U1489,urban,false,true,KINYARWANDA,12,0.6757142857142858,0.14285714285714285,false,ID_REPLACEMENT,completed,abandoned,8.0,1,0
6295104a37ef909c85072641f211109d,S3074,U1097,rural,false,true,KINYARWANDA,12,0.7675,0.0,false,DL,completed,completed,7.75,0,1
d40ce8a11c332e543db5cf1ab3655034,S3075,U1453,urban,false,false,KINYARWANDA,10,0.79875,0.125,false,BIRTH_CERT,completed,completed,8.875,1,1
d7d2cbaac515890576ce43bd082268cf,S3079,U1064,rural,false,true,KINYARWANDA,7,0.7600000000000001,0.6666666666666666,false,DL,completed,abandoned,4.666666666666667,1,0
71915306954dfc8eaf1c73a0d4489eb0,S3090,U1143,rural,false,false,KINYARWANDA,12,0.7157142857142856,0.14285714285714285,false,LAND,failed,completed,9.142857142857142,1,1
a88fc3a952d7e1bbc69f73e8f5568c1d,S3096,U1075,urban,false,true,KINYARWANDA,10,0.6933333333333334,0.1111111111111111,false,LAND,failed,completed,7.222222222222222,3,1
d0250e0eeaf7bd655a7f63514f7b2e8b,S3100,U1293,rural,false,false,KINYARWANDA,9,0.764,0.1,false,ID_REPLACEMENT,abandoned,transferred,8.2,2,0
8822ae11fcfbd117e9e3006f50b0b75d,S3117,U1365,rural,false,true,KINYARWANDA,6,0.7000000000000001,0.0,true,LAND,failed,completed,3.6666666666666665,2,1
8ef6fb49491f897b3dce8b28cb9c4f21,S3119,U1213,rural,false,false,KINYARWANDA,8,0.7266666666666667,0.0,true,LAND,completed,completed,6.666666666666667,1,1
4925636e582812b60f368e6f9f67afcd,S3139,U1408,urban,false,false,KINYARWANDA,13,0.818,0.2,false,DL,completed,completed,5.4,2,1
99b2ddf6158ecc0b1d89e562b4f8c644,S3152,U1278,urban,false,true,KINYARWANDA,4,0.756,0.0,false,LAND,failed,abandoned,9.0,0,0
8e27598b2792d200935156cef856be56,S3158,U1196,urban,false,false,KINYARWANDA,9,0.6975,0.25,false,BIRTH_CERT,completed,completed,6.25,0,1
96e3e5c5f81b45a5a0d2fd8e4272cb46,S3159,U1306,rural,false,false,KINYARWANDA,12,0.49,0.0,false,ID_REPLACEMENT,completed,transferred,9.0,0,0
9e2a6fe663ac769e97cd98f776c28c9d,S3160,U1266,urban,false,true,KINYARWANDA,12,0.6799999999999999,0.2,false,DL,abandoned,completed,7.0,1,1
305c32e51185dbe99cb1e5539fa2db2f,S3182,U1453,urban,false,false,KINYARWANDA,3,0.8175,0.0,false,LAND,completed,completed,8.25,0,1
5bdd203dd7ffd56235ee593eacca2da3,S3183,U1267,urban,false,false,KINYARWANDA,3,0.786,0.0,true,DL,abandoned,abandoned,7.4,1,0
a3b108c4e2eb0a722cb34ad28df8f01e,S3184,U1385,urban,false,true,KINYARWANDA,3,0.73,0.3,false,BIRTH_CERT,completed,transferred,9.6,1,0
f125ce8988710c7c961a55e7a8a5cb7c,S3193,U1039,rural,false,true,KINYARWANDA,10,0.785,0.25,false,ID_REPLACEMENT,abandoned,abandoned,10.5,2,0
f2c380ca79ecb58371242bb91865363f,S3195,U1416,rural,false,true,KINYARWANDA,14,0.7511111111111111,0.1111111111111111,true,LAND,abandoned,abandoned,8.666666666666666,3,0
6fa52c8228734b26d2306f3987909b3e,S3196,U1219,urban,false,true,KINYARWANDA,12,0.6900000000000001,0.2857142857142857,true,DL,completed,completed,9.0,3,1
c196d7e9b9f7a8b56a2418816c62b90c,S2007,U1152,rural,false,false,KINYARWANDA,3,0.7033333333333333,0.0,false,LAND,abandoned,abandoned,6.833333333333333,0,0
1358006c207e307bdb627c5940858a80,S2038,U1050,urban,false,false,KINYARWANDA,13,0.7071428571428572,0.2857142857142857,false,DL,completed,completed,6.714285714285714,2,1
8c0d54d23015a50f601ccf8ccf0d7a71,S2101,U1374,rural,true,true,KINYARWANDA,6,0.735,0.0,false,ID_REPLACEMENT,completed,completed,8.0,0,1
348190d562c3036c885843ec6b78bc32,S2120,U1048,rural,false,false,KINYARWANDA,4,0.67,0.0,false,LAND,completed,completed,10.5,1,1
640cfe17b368e413dd929d59d9bbc766,S2143,U1482,rural,false,false,KINYARWANDA,4,0.78,0.0,false,DL,abandoned,completed,8.5,1,1
3ada31b3bc09da9f9f0f18f2d85d1bbd,S2149,U1464,urban,false,false,KINYARWANDA,5,0.788,0.2,false,BIRTH_CERT,completed,abandoned,7.4,0,0
2e76b78ba1759fc97cfe60b9a00277fc,S2202,U1378,urban,true,true,KINYARWANDA,6,0.805,0.5,true,BIRTH_CERT,completed,transferred,6.0,1,0
50a8c32a815b11e6ffbaa39cb728381e,S2216,U1148,rural,false,false,KINYARWANDA,12,0.78,0.1,false,ID_REPLACEMENT,failed,completed,6.4,0,1
57d83781d51152ca7118252697afdc98,S2224,U1057,rural,true,true,KINYARWANDA,11,0.8,0.0,false,ID_REPLACEMENT,completed,completed,11.0,0,1
a6c8c53771417579ceef76119b700e0b,S2274,U1359,rural,true,false,KINYARWANDA,10,0.7016666666666667,0.16666666666666666,false,LAND,abandoned,abandoned,5.666666666666667,1,0
809e56c9252fb6b7579b675218103764,S2320,U1426,rural,false,true,KINYARWANDA,10,0.745,0.5,false,ID_REPLACEMENT,completed,transferred,9.75,1,0
3e14ca69707032877f30105fc71cea47,S2328,U1238,urban,false,false,KINYARWANDA,4,0.655,0.125,false,LAND,abandoned,completed,8.0,2,1
febc866580eb2d870500118b16cd4d02,S2332,U1081,urban,false,true,KINYARWANDA,3,0.74,0.25,false,DL,completed,completed,8.75,2,1
2e1abc449a623f0f4ceb2939891701d2,S2337,U1489,urban,false,true,KINYARWANDA,5,0.61,0.0,false,LAND,abandoned,transferred,5.5,0,0
7000a402e577bcbfdc404d938e375564,S2351,U1346,urban,true,true,KINYARWANDA,10,0.69,0.5,true,BIRTH_CERT,completed,abandoned,8.0,1,0
8373421cc04553b2f487f00324a6b4db,S2357,U1465,rural,false,true,KINYARWANDA,5,0.5775,0.0,false,LAND,completed,completed,8.75,0,1
0c9a37d4186b30dd95f1c565bf91f3ad,S2442,U1079,rural,false,false,KINYARWANDA,12,0.716,0.2,false,ID_REPLACEMENT,completed,completed,9.8,0,1
559ffd9b182b211ab74dbf7c933691c5,S2493,U1064,rural,false,true,KINYARWANDA,12,0.6725,0.0,true,DL,abandoned,completed,8.5,1,1
13741891e4c1235a9595831fe904989a,S2500,U1180,rural,false,false,KINYARWANDA,10,0.78,0.5,false,BIRTH_CERT,completed,abandoned,8.0,1,0
93d3e06d16e4a6874ab07e0b9b13711a,S2562,U1432,urban,false,false,KINYARWANDA,4,0.7925,0.0,false,BIRTH_CERT,completed,abandoned,4.75,0,0
4e4c33093197f8dd2cb7354d1b9ed243,S2577,U1332,rural,false,true,KINYARWANDA,13,0.6333333333333333,0.0,true,LAND,completed,completed,9.333333333333334,1,1
c9077d52a056b7a8a7dabb451fa757fd,S2578,U1199,urban,false,true,KINYARWANDA,4,0.7414285714285714,0.14285714285714285,false,ID_REPLACEMENT,completed,transferred,9.0,1,0
544eda0ccdba6cad0c5056be7c05fcb0,S2618,U1336,urban,false,true,KINYARWANDA,13,0.766,0.0,true,ID_REPLACEMENT,completed,abandoned,8.0,1,0
643713646761af0c43efcfd12ae792d2,S2675,U1499,urban,false,false,KINYARWANDA,5,0.78,0.0,false,LAND,completed,completed,7.0,1,1
7f26e363f177bbf3061f4fbe11b77108,S2682,U1173,rural,false,true,KINYARWANDA,13,0.8400000000000001,0.0,false,DL,abandoned,completed,7.6,1,1
29e874ffe15faa1514a35bba3aa4560d,S2686,U1482,rural,false,false,KINYARWANDA,13,0.7371428571428572,0.14285714285714285,false,BIRTH_CERT,completed,completed,9.857142857142858,2,1
7dae2d5b8a7a45641f937e9452ba3d8e,S2767,U1223,rural,false,false,KINYARWANDA,13,0.8075,0.25,false,LAND,abandoned,completed,8.5,1,1
557b16f0c9104b5ccfb1dc06beefb037,S2768,U1319,rural,false,true,KINYARWANDA,11,0.765,0.3333333333333333,false,BIRTH_CERT,abandoned,completed,8.166666666666666,2,1
1b8ba47f29bfc567438b57ff80b01162,S2782,U1111,rural,false,true,KINYARWANDA,13,0.745,0.0,false,ID_REPLACEMENT,completed,completed,5.75,0,1
8714799dcb4db4f99166cf57c755a399,S2804,U1222,rural,true,true,KINYARWANDA,4,0.74,0.8,false,LAND,completed,abandoned,6.6,2,0
79397b2aa6bf5135bcdbdea0af6f9db0,S2808,U1100,rural,false,true,KINYARWANDA,12,0.69,0.5,false,ID_REPLACEMENT,completed,completed,7.5,1,1
09f397cac6bf702d13c017c1fa909bc3,S2869,U1485,urban,false,true,KINYARWANDA,5,0.7842857142857144,0.0,true,LAND,completed,abandoned,5.571428571428571,3,0
285603ad71abba5f7d7dd78cc40ed5ce,S2874,U1018,rural,false,false,KINYARWANDA,6,0.8611111111111112,0.2222222222222222,false,BIRTH_CERT,completed,transferred,7.888888888888889,3,0
330a6cadc81067b511def6612e3e2445,S2938,U1348,rural,false,false,KINYARWANDA,4,0.69875,0.125,false,LAND,completed,completed,9.0,2,1
874ab26eb5736b3f3adcf537e98ed347,S2955,U1418,urban,false,false,KINYARWANDA,14,0.7633333333333333,0.16666666666666666,true,BIRTH_CERT,abandoned,abandoned,7.333333333333333,2,0
3379f8d090d9d0a7740ee04029ffe14f,S3038,U1130,rural,false,false,KINYARWANDA,14,0.7675000000000001,0.125,false,DL,failed,completed,9.875,0,1
4db4ac0d61da9ae600db8de679ee75d8,S3041,U1420,urban,false,true,KINYARWANDA,11,0.6933333333333334,0.0,true,LAND,failed,completed,7.5,2,1
a64a1a8dd171aaffe9cbbd8a152db015,S3057,U1489,urban,false,true,KINYARWANDA,12,0.6757142857142858,0.14285714285714285,false,DL,completed,abandoned,8.0,1,0
1e7476232a899fdb3dd65f31422f28c2,S3075,U1453,urban,false,false,KINYARWANDA,10,0.79875,0.125,false,BIRTH_CERT,completed,completed,8.875,1,1
984fdebd6cf1e7cc928383aea834160f,S2038,U1050,urban,false,false,KINYARWANDA,13,0.7071428571428572,0.2857142857142857,false,BIRTH_CERT,abandoned,completed,6.714285714285714,2,1
ac3cb2f4f573a08ca833dde176b943df,S2143,U1482,rural,false,false,KINYARWANDA,4,0.78,0.0,false,LAND,completed,completed,8.5,1,1
77557ae77367efab6254e596d4eb5356,S2328,U1238,urban,false,false,KINYARWANDA,4,0.655,0.125,false,DL,completed,completed,8.0,2,1
75bb04eb540944c425d3f7be38f9f2ca,S2337,U1489,urban,false,true,KINYARWANDA,5,0.61,0.0,false,DL,completed,transferred,5.5,0,0
e0f2dff71ff2afa6fba7c3441cd71b2e,S2562,U1432,urban,false,false,KINYARWANDA,4,0.7925,0.0,false,BIRTH_CERT,completed,abandoned,4.75,0,0
f61c0971530372a46fbf332bb3d7b4bc,S2682,U1173,rural,false,true,KINYARWANDA,13,0.8400000000000001,0.0,false,ID_REPLACEMENT,abandoned,completed,7.6,1,1
4db4d16d5e2c1955114f2527737a9bb3,S2782,U1111,rural,false,true,KINYARWANDA,13,0.745,0.0,false,ID_REPLACEMENT,completed,completed,5.75,0,1
999cc3ed4e71da46f85399ed1bf0b868,S2808,U1100,rural,false,true,KINYARWANDA,12,0.69,0.5,false,BIRTH_CERT,completed,completed,7.5,1,1
fe0a45ecd8c24726c87218898022070a,S2782,U1111,rural,false,true,KINYARWANDA,13,0.745,0.0,false,ID_REPLACEMENT,completed,completed,5.75,0,1
c0b1043dc63273ae9981d8bbb50a46a0,S2000,U1303,urban,false,false,KINYARWANDA,11,0.7116666666666666,0.3333333333333333,false,,,abandoned,10.666666666666666,2,0
eb9c4198597c65058e8d961bbe94a69e,S2001,U1449,rural,false,false,KINYARWANDA,4,0.8033333333333333,0.0,false,,,completed,7.333333333333333,0,1
3fc3bb08fd78894aece4a70eeb04e9eb,S2005,U1220,urban,false,false,KINYARWANDA,11,0.8566666666666666,0.0,true,,,completed,9.666666666666666,0,1
39d6fe4f3ff6039310c58d1ddfa2d2d9,S2008,U1011,urban,false,false,KINYARWANDA,3,0.7828571428571429,0.0,false,,,abandoned,8.142857142857142,0,0
b1ba98b90de6dcbac14e6ce0d9a9c2b4,S2009,U1132,rural,false,true,KINYARWANDA,7,0.796,0.2,false,,,abandoned,6.4,0,0
5ff7f7bcd3d7b5be5d10c07afa0cd960,S2010,U1481,urban,false,true,KINYARWANDA,4,0.705,0.0,false,,,completed,9.75,1,1
9e1eddc7406bd6a86e7e0c8307659e9d,S2013,U1462,urban,false,true,KINYARWANDA,13,0.786,0.4,false,,,transferred,8.2,0,0
00334d5375f00c6dcc2b317834d847cf,S2017,U1042,rural,false,true,KINYARWANDA,9,0.8099999999999999,0.0,true,,,abandoned,7.0,2,0
80a106d372c913a8a613fc7fa7509e88,S2021,U1301,rural,false,false,KINYARWANDA,4,0.8400000000000001,0.0,true,,,transferred,9.5,1,0
c676b0fc16be30d8b492317d0a51d468,S2023,U1363,rural,false,false,KINYARWANDA,6,0.775,0.0,true,,,abandoned,4.75,1,0
bc1d0459ea95615e49f6477c550180d6,S2025,U1426,rural,false,true,KINYARWANDA,4,0.8533333333333334,0.6666666666666666,false,,,completed,5.666666666666667,1,1
d5f8ffd611aa305eeabfc328e4aa212b,S2026,U1492,rural,false,true,KINYARWANDA,3,0.695,0.16666666666666666,false,,,transferred,5.0,2,0
89cd42a14cf4d98ec5b22587736b5f95,S2028,U1406,rural,false,false,KINYARWANDA,3,0.75625,0.5,false,,,transferred,8.875,3,0
11ea065ea3211cc18ac8f6e1244411c2,S2029,U1106,rural,false,true,KINYARWANDA,6,0.7600000000000001,0.0,false,,,abandoned,6.333333333333333,0,0
7c2615cdf900f5095197520df730e2e6,S2031,U1302,rural,false,true,KINYARWANDA,13,0.67625,0.25,false,,,completed,8.125,2,1
11f2bd52bb3d0d769883cb6f8f7fbe7d,S2034,U1398,urban,true,false,KINYARWANDA,10,0.882,0.0,false,,,completed,8.8,0,1
5705ef274cda013af05e1b074fe7226b,S2036,U1291,rural,false,true,KINYARWANDA,14,0.685,0.25,false,,,completed,9.5,2,1
f4801b4cbb70bba0bdac0cbad1402b50,S2037,U1202,rural,false,true,KINYARWANDA,11,0.778,0.0,true,,,abandoned,10.2,1,0
d622b84c4f5ddaf2c2a64d2dd69e947e,S2039,U1270,urban,false,false,KINYARWANDA,14,0.732,0.0,false,,,completed,7.0,0,1
1b13a7819598a6bc63d0360152639191,S2040,U1323,rural,false,true,KINYARWANDA,7,0.82,0.3333333333333333,false,,,abandoned,11.0,3,0
ef8eb8c7b58360878114a78c5864c4b5,S2043,U1469,urban,false,false,KINYARWANDA,12,0.81,0.16666666666666666,false,,,completed,7.0,1,1
36b2ff0fdb78460b0e8b100be00d98d5,S2046,U1333,rural,false,false,KINYARWANDA,11,0.8116666666666666,0.16666666666666666,false,,,completed,8.5,2,1
9286d00db276d9064228a0b8466895cc,S2047,U1380,rural,false,true,KINYARWANDA,12,0.7175,0.5,false,,,abandoned,7.5,0,0
80fe839f621a9963958507ab02eca61a,S2050,U1372,rural,false,false,KINYARWANDA,3,0.7714285714285715,0.2857142857142857,false,,,abandoned,8.142857142857142,1,0
5fecb35a4d52af5b8969eb0da335e2fc,S2052,U1493,rural,false,true,KINYARWANDA,7,0.6416666666666667,0.3333333333333333,false,,,completed,8.5,2,1
325fe6eafb2f7577a6e01aa75bc7f72a,S2053,U1026,rural,false,false,KINYARWANDA,5,0.74,0.0,false,,,completed,4.0,0,1
0d833d38be29a3e16a513bdccecc4408,S2056,U1155,rural,false,false,KINYARWANDA,12,0.6466666666666666,0.0,false,,,abandoned,7.0,0,0
06c6c32770c86a2b186af786f1834e95,S2058,U1135,rural,false,true,KINYARWANDA,3,0.7999999999999999,0.2857142857142857,false,,,transferred,8.714285714285714,0,0
d308ac3532272b7d57daf3e3762d6cc3,S2065,U1432,urban,false,false,KINYARWANDA,13,0.75,0.16666666666666666,false,,,completed,10.166666666666666,0,1
e1f3d644d85d4ad9a33b262da74a4131,S2066,U1076,urban,false,true,KINYARWANDA,3,0.6942857142857143,0.2857142857142857,false,,,abandoned,8.285714285714286,1,0
5833adad18908beee57928431b7fbe5c,S2068,U1089,rural,false,true,KINYARWANDA,12,0.7285714285714285,0.0,false,,,abandoned,6.0,1,0
df190f43cbda112f3980941fec58a8ff,S2069,U1344,rural,false,false,KINYARWANDA,5,0.7966666666666667,0.0,false,,,transferred,11.333333333333334,0,0
0bed46d901819590cbfdf3055c37ce43,S2070,U1349,urban,false,true,KINYARWANDA,10,0.7933333333333333,0.0,false,,,completed,7.5,3,1
3a0727d4ec5ef7b0d70ce4350e59497e,S2071,U1458,rural,false,true,KINYARWANDA,6,0.7083333333333334,0.16666666666666666,false,,,abandoned,9.0,1,0
db54fc22c041c5e7b654ebd4107e3754,S2072,U1262,rural,false,true,KINYARWANDA,6,0.7925,0.25,false,,,completed,9.5,0,1
bda4607237ef290376eb31e0eaa010bc,S2078,U1158,rural,false,false,KINYARWANDA,8,0.855,0.16666666666666666,false,,,completed,8.5,2,1
22a84886b0e56a1a2f7514cff75b8873,S2081,U1311,rural,false,false,KINYARWANDA,11,0.8233333333333333,0.16666666666666666,false,,,completed,7.333333333333333,1,1
d2ca664e0e7af47a32a6c1a0bed21946,S2082,U1240,urban,false,false,KINYARWANDA,12,0.75,0.0,false,,,completed,11.0,0,1
e60e22886b3190f79cfda2e7bb54ab5a,S2083,U1425,rural,true,false,KINYARWANDA,8,0.8242857142857142,0.2857142857142857,false,,,completed,8.285714285714286,2,1
a67d166bccebcffc91cbf34bccaf6ca8,S2084,U1444,urban,false,false,KINYARWANDA,12,0.79375,0.125,false,,,transferred,7.375,0,0
7a08b0c08d992678e9ff8367c88ed8b7,S2089,U1451,rural,false,false,KINYARWANDA,6,0.82,0.2,false,,,completed,4.6,1,1
c016dfbf0acf608b1777c8f72923207e,S2091,U1262,rural,false,true,KINYARWANDA,11,0.8825,0.0,false,,,abandoned,8.5,0,0
d1b6c24ee4355064090fdf4e4469ae17,S2092,U1309,rural,false,false,KINYARWANDA,13,0.6533333333333333,0.3333333333333333,true,,,completed,7.333333333333333,0,1
6eebdf1577dd85666adf7f4e9399836b,S2094,U1171,rural,false,false,KINYARWANDA,12,0.8109090909090909,0.0,false,,,completed,6.7272727272727275,0,1
8a1e9c20287ce03bf501eeeb2e1233c9,S2096,U1172,rural,true,false,KINYARWANDA,3,0.72875,0.5,false,,,completed,7.625,2,1
36e85891ed6d2fb470eeee15e8e5a81e,S2098,U1046,rural,false,true,KINYARWANDA,11,0.8728571428571429,0.14285714285714285,false,,,completed,8.285714285714286,0,1
cb7aed8830382bda28c304ee92d5a42d,S2099,U1378,urban,true,true,KINYARWANDA,6,0.732,0.6,false,,,completed,9.0,2,1
bc17da133249af0a7486618927b8179f,S2109,U1008,urban,false,true,KINYARWANDA,12,0.7949999999999999,0.16666666666666666,false,,,completed,8.5,1,1
30385789fa574019c73405a3c7631898,S2111,U1009,urban,false,false,KINYARWANDA,3,0.7663636363636364,0.2727272727272727,false,,,completed,7.454545454545454,2,1
369a72745bc1e93748646b9aceb2baeb,S2114,U1120,urban,false,false,KINYARWANDA,14,0.755,0.16666666666666666,false,,,completed,7.666666666666667,2,1
6a617835b5b85b3bd0b56585f671eca1,S2116,U1169,rural,false,true,KINYARWANDA,7,0.7471428571428572,0.0,false,,,completed,8.428571428571429,2,1
15cf0e538902c2470dea369d791e2ec0,S2118,U1151,rural,false,false,KINYARWANDA,6,0.64,0.0,false,,,abandoned,7.0,0,0
7d5c200fc0064ea199a6c4c18d273110,S2119,U1207,urban,false,true,KINYARWANDA,10,0.636,0.4,false,,,completed,10.2,1,1
c8d6ac25de19fe65e9c03f212dcc8516,S2121,U1153,rural,false,false,KINYARWANDA,12,0.695,0.5,false,,,completed,9.75,0,1
4cf7bc354a5a19fbb1e7e3aaa9c14ab4,S2122,U1346,urban,true,true,KINYARWANDA,11,0.7457142857142857,0.2857142857142857,false,,,transferred,9.714285714285714,2,0
6b4779999c5555a1926ba96683e506fa,S2123,U1292,urban,false,false,KINYARWANDA,9,0.8166666666666668,0.0,true,,,abandoned,10.333333333333334,1,0
106cc22c5a0d3ba15f17a863e59f813c,S2124,U1067,urban,false,true,KINYARWANDA,9,0.6466666666666666,0.0,true,,,completed,5.833333333333333,2,1
623053b04f5eb34ce8b795a6f389d1ce,S2125,U1049,rural,false,true,KINYARWANDA,3,0.78,0.4,false,,,completed,8.2,2,1
6c4301365135147b0737ecb98c0fd8f9,S2126,U1151,rural,false,false,KINYARWANDA,14,0.85,0.0,false,,,transferred,2.0,0,0
34963fe43d0a181d5b2c751b7ab49174,S2127,U1018,rural,false,false,KINYARWANDA,4,0.8300000000000001,0.3333333333333333,false,,,abandoned,10.666666666666666,1,0
376f6b5f0ed12f087ff61468fbe65a34,S2129,U1059,rural,false,false,KINYARWANDA,6,0.7533333333333333,0.0,true,,,completed,8.666666666666666,1,1
b9d2ccca4a9fc562d52c3e2c5de55a20,S2130,U1166,rural,false,false,KINYARWANDA,13,0.735,0.16666666666666666,false,,,completed,6.666666666666667,1,1
fbbba5c659d32169fa4076d90e78b1df,S2131,U1201,rural,true,true,KINYARWANDA,5,0.6679999999999999,0.4,false,,,completed,7.2,1,1
8e8d648c713416874cd0a7a809609096,S2134,U1402,rural,false,true,KINYARWANDA,10,0.76,0.0,false,,,completed,10.75,0,1
5a805533164df9c2d8499662803f8500,S2135,U1163,rural,false,false,KINYARWANDA,4,0.8089999999999999,0.1,false,,,abandoned,8.4,2,0
43882bc4d4c3e3d1cb4ab732c7f3bdd9,S2136,U1457,rural,true,false,KINYARWANDA,6,0.7866666666666667,0.6666666666666666,false,,,completed,9.0,1,1
ed3e660d6c0d485b2973574bb7c38036,S2139,U1241,urban,false,false,KINYARWANDA,14,0.84,0.25,false,,,completed,8.75,0,1
b00f9ad38b775cde203faadaba2635c9,S2140,U1068,rural,false,true,KINYARWANDA,8,0.6333333333333333,0.3333333333333333,false,,,completed,8.0,0,1
4dc1bcab65bc497a832b955af61b35e8,S2144,U1107,urban,false,false,KINYARWANDA,14,0.69,1.0,false,,,completed,5.0,0,1
71554cac13d10bf9dbae27a977f3b495,S2145,U1225,rural,false,false,KINYARWANDA,6,0.82,0.0,true,,,transferred,10.666666666666666,0,0
b00582ce8c76d0c90e4e04346b355990,S2146,U1160,rural,false,false,KINYARWANDA,13,0.8650000000000001,0.5,false,,,completed,6.166666666666667,3,1
5acec7b19bdc9a8899d9e9a966aebd64,S2152,U1292,urban,false,false,KINYARWANDA,5,0.75,0.3333333333333333,false,,,completed,9.666666666666666,1,1
d1613862ecccf1b7e8b7b192d25c49f2,S2154,U1418,urban,false,false,KINYARWANDA,6,0.7375,0.25,false,,,abandoned,10.25,0,0
181b60ddb9b2a5ec8f3dabd528787fe0,S2157,U1159,urban,false,true,KINYARWANDA,13,0.6683333333333333,0.0,false,,,completed,9.833333333333334,1,1
b5b6c2d12b5f55aedda6e93f289e3d23,S2158,U1010,rural,false,true,KINYARWANDA,7,0.7140000000000001,0.0,false,,,completed,7.6,0,1
f125c8dd161c06aa563d395f2484b12a,S2164,U1253,rural,false,true,KINYARWANDA,12,0.795,0.25,false,,,completed,10.0,1,1
b5b5fb43ad9912e4dbb8882c0c7f50d2,S2165,U1408,urban,false,false,KINYARWANDA,7,0.772,0.6,false,,,completed,9.8,2,1
17d0de92a27803d046c43f6719069480,S2166,U1257,urban,false,false,KINYARWANDA,9,0.84,0.0,false,,,transferred,8.333333333333334,1,0
2926b0815a9f2ff3b3bf67fa113db255,S2168,U1290,rural,false,true,KINYARWANDA,7,0.69,0.0,false,,,transferred,8.333333333333334,0,0
43a7e35670f0084e8364d6bdd36205ac,S2169,U1262,rural,false,true,KINYARWANDA,11,0.7200000000000001,0.3333333333333333,false,,,completed,7.666666666666667,1,1
11d9098911be114e539f2ed317511f7b,S2170,U1084,rural,false,false,KINYARWANDA,5,0.785,0.75,false,,,abandoned,7.5,0,0
8a3857e57b8b742481c301c2d51caa79,S2171,U1145,rural,false,false,KINYARWANDA,8,0.8057142857142858,0.14285714285714285,false,,,completed,9.142857142857142,2,1
adc26d4f90d43d11d7bf494a1e1e238b,S2172,U1322,urban,false,false,KINYARWANDA,3,0.7060000000000001,0.2,false,,,completed,6.8,1,1
ba591a6e585c0e51a78173ca50247d31,S2174,U1373,urban,false,false,KINYARWANDA,7,0.6983333333333334,0.16666666666666666,true,,,abandoned,4.5,2,0
e294b97a34be27570d3a9356ae00029c,S2175,U1124,rural,false,false,KINYARWANDA,10,0.71,0.25,false,,,completed,8.0,1,1
c97a6107929d960bc44556368b149102,S2177,U1424,rural,false,false,KINYARWANDA,11,0.7285714285714285,0.0,false,,,completed,10.0,0,1
65d6662b6be9636cd8e8c6027e7f35a8,S2178,U1240,urban,false,false,KINYARWANDA,13,0.7414285714285714,0.14285714285714285,true,,,completed,8.857142857142858,1,1
1d7697a18fc3c8c89f84db6bee858063,S2179,U1458,rural,false,true,KINYARWANDA,8,0.7642857142857142,0.42857142857142855,false,,,abandoned,7.428571428571429,2,0
7fb21f4f4cf75e39f53dd21faa372515,S2181,U1279,urban,false,false,KINYARWANDA,12,0.7966666666666667,0.3333333333333333,false,,,abandoned,9.666666666666666,0,0
8da41f7c2d7ea0b9f0da0a1b9e3871e6,S2184,U1018,rural,false,false,KINYARWANDA,9,0.6985714285714285,0.0,false,,,abandoned,7.857142857142857,0,0
6164fd191eeb29efe47d28c79a9c0594,S2185,U1067,urban,false,true,KINYARWANDA,9,0.758888888888889,0.2222222222222222,false,,,completed,9.444444444444445,3,1
d34e31f590705b080eed17a3be7e4810,S2191,U1108,rural,false,false,KINYARWANDA,4,0.74,0.14285714285714285,false,,,transferred,7.142857142857143,0,0
2def8101270a52a856646feeebc34ba1,S2192,U1493,rural,false,true,KINYARWANDA,11,0.766,0.0,false,,,abandoned,8.0,1,0
9ab51a785fca48eb5fc2a483345c4382,S2193,U1035,urban,false,false,KINYARWANDA,12,0.8066666666666666,0.16666666666666666,true,,,completed,9.833333333333334,2,1
77336470deaa7c96cb07369dd39533f8,S2194,U1231,rural,false,true,KINYARWANDA,12,0.825,0.5,true,,,completed,5.0,0,1
2ea70d51fe9ff1a912af78607194c638,S2196,U1352,urban,false,true,KINYARWANDA,3,0.7433333333333333,0.3333333333333333,false,,,abandoned,5.666666666666667,1,0
89d541e90116f0dfc85ba047c0abb5ea,S2198,U1386,rural,false,false,KINYARWANDA,5,0.758,0.0,false,,,transferred,9.6,1,0
a9920a0c99fee407461cecf6882a5f3e,S2200,U1135,rural,false,true,KINYARWANDA,14,0.73,0.0,false,,,completed,6.8,0,1
3ea836bb0f842330ebcc238761edb143,S2201,U1352,urban,false,true,KINYARWANDA,9,0.7277777777777777,0.2222222222222222,false,,,abandoned,6.222222222222222,1,0
c098861a705fffd989298a68a0f8c36a,S2203,U1069,urban,false,true,KINYARWANDA,12,0.748,0.0,true,,,abandoned,10.0,0,0
7ce00f7efab974fa71d190f3dc215548,S2204,U1424,rural,false,false,KINYARWANDA,4,0.7357142857142858,0.14285714285714285,false,,,completed,8.428571428571429,1,1
ef47eff43455051198568d45de53c36e,S2205,U1486,rural,false,true,KINYARWANDA,12,0.8266666666666667,0.3333333333333333,false,,,abandoned,7.833333333333333,1,0
95f6b728dbdb9614d78c1cd9c89f1ecd,S2206,U1195,rural,false,false,KINYARWANDA,7,0.7414285714285714,0.14285714285714285,false,,,abandoned,9.142857142857142,1,0
070224b30c93632242c93c037bf64a80,S2207,U1268,rural,false,false,KINYARWANDA,8,0.78,0.0,false,,,completed,6.0,0,1
3e015eb4eb2b498bb4ce77a5d5edee93,S2208,U1048,rural,false,false,KINYARWANDA,11,0.7299999999999999,0.0,true,,,completed,6.857142857142857,2,1
1a2935bfe15f781529da3ba6d9afdde7,S2209,U1315,urban,false,false,KINYARWANDA,6,0.84,0.0,false,,,completed,9.333333333333334,0,1
a6d7dde2b578436eb33f4f723f4e9894,S2212,U1004,rural,false,false,KINYARWANDA,5,0.7342857142857142,0.2857142857142857,false,,,completed,5.428571428571429,1,1
e3da7cb2a6ed0630902bb99cd102f0b6,S2213,U1427,urban,false,false,KINYARWANDA,4,0.7066666666666667,0.3333333333333333,true,,,transferred,8.666666666666666,1,0
b005108dae8c4c0e0fecd8d30458c7ef,S2219,U1199,urban,false,true,KINYARWANDA,10,0.8,0.0,false,,,completed,8.0,1,1
a480b97733875c20c152ff5f477f1ae6,S2221,U1066,rural,false,true,KINYARWANDA,13,0.775,0.16666666666666666,false,,,completed,9.833333333333334,1,1
80c9655ba30b5b58d74cc1a6452c0896,S2222,U1299,rural,false,false,KINYARWANDA,11,0.5900000000000001,0.2,false,,,abandoned,8.8,0,0
46f66f91c5325e645ca0cf8d99598cf5,S2228,U1129,rural,false,true,KINYARWANDA,13,0.81,0.0,false,,,completed,10.0,0,1
2716001ed48072a2b0aeec6895d3d121,S2229,U1214,urban,false,false,KINYARWANDA,14,0.7725,0.0,false,,,completed,6.25,1,1
6f086c026d24449869e6db85f21af4d2,S2232,U1101,urban,false,false,KINYARWANDA,12,0.7133333333333334,0.3333333333333333,false,,,abandoned,9.166666666666666,3,0
2c0eecca289ca8d3be4970405ea0d027,S2235,U1353,rural,false,false,KINYARWANDA,10,0.778,0.4,false,,,completed,6.6,1,1
a77c821ff1cda6ea19c6e84833a804ca,S2239,U1263,rural,false,false,KINYARWANDA,8,0.7316666666666666,0.3333333333333333,false,,,completed,8.0,1,1
50dbc811065e57266cc0b0422de51212,S2240,U1149,rural,false,false,KINYARWANDA,4,0.765,0.25,false,,,abandoned,5.25,0,0
59a977946379c056b61fc463ab928e77,S2241,U1299,rural,false,false,KINYARWANDA,7,0.7883333333333334,0.3333333333333333,false,,,abandoned,9.666666666666666,2,0
8e19fd0fe2e7d37d23ecb795130ccfc3,S2245,U1332,rural,false,true,KINYARWANDA,4,0.74125,0.0,false,,,completed,8.0,0,1
d6a2a8e3446a3bfd749ea8ee91dc9dd4,S2248,U1302,rural,false,true,KINYARWANDA,10,0.7225,0.125,true,,,transferred,6.5,0,0
18881f7a914a06205b473d11cd9fc6e5,S2249,U1310,rural,false,true,KINYARWANDA,9,0.7828571428571429,0.14285714285714285,false,,,completed,6.571428571428571,1,1
af902b02b40e1237b29f6c692bcfeacb,S2251,U1105,rural,false,true,KINYARWANDA,11,0.73,0.5,false,,,abandoned,6.5,2,0
4a2fd284b40c65f8e77f480cf8194849,S2255,U1054,rural,false,false,KINYARWANDA,8,0.6333333333333333,0.0,true,,,completed,13.0,1,1
15ae9e0b814845d1f34fa78e4109c1a2,S2258,U1144,rural,false,true,KINYARWANDA,8,0.6599999999999999,0.4,false,,,transferred,8.6,1,0
ebcb4ddfa6ccec2aed5a1a866198d546,S2264,U1143,rural,false,false,KINYARWANDA,3,0.7628571428571428,0.0,false,,,abandoned,10.0,1,0
fe3c2663c9aa7963eb4ce4f389be1c05,S2269,U1114,urban,false,false,KINYARWANDA,5,0.8200000000000001,0.0,false,,,completed,6.714285714285714,0,1
2f630865bf01b4815508d0755ea82b7d,S2271,U1117,rural,false,false,KINYARWANDA,10,0.7633333333333333,0.3333333333333333,false,,,completed,6.833333333333333,3,1
9efb7447e922934383696fbe9981c6d5,S2275,U1247,urban,false,true,KINYARWANDA,8,0.7828571428571429,0.2857142857142857,false,,,completed,10.571428571428571,3,1
a3bfca50781dd24b0b60a2c28dade816,S2276,U1363,rural,false,false,KINYARWANDA,7,0.615,0.0,false,,,transferred,7.75,1,0
be937d359713fd2f6566095ec2565732,S2277,U1320,rural,false,true,KINYARWANDA,11,0.7085714285714285,0.2857142857142857,false,,,completed,7.285714285714286,2,1
de03a5d35b887f5a1f542ac897356856,S2278,U1120,urban,false,false,KINYARWANDA,9,0.73,0.25,false,,,abandoned,8.375,2,0
be7bc415bd2f8cb0c4744d4f36dd3b19,S2279,U1285,rural,false,false,KINYARWANDA,10,0.8125,0.25,false,,,completed,6.0,2,1
dc5f8da3c4af6396e1d78b3d5f99a355,S2281,U1083,rural,false,false,KINYARWANDA,13,0.7316666666666668,0.0,true,,,transferred,6.666666666666667,0,0
e0a34353a662634278303a1a3e47ebae,S2282,U1453,urban,false,false,KINYARWANDA,4,0.6637500000000001,0.25,true,,,completed,7.375,3,1
d153dc51ea9be2bbc780356931407450,S2283,U1405,urban,false,false,KINYARWANDA,10,0.8099999999999999,0.0,false,,,transferred,7.2,1,0
3ad7220f2f615b4f15743ebf2c3f3f8e,S2288,U1160,rural,false,false,KINYARWANDA,12,0.745,0.25,false,,,transferred,9.5,1,0
ba9c78e293cbda00afdef1d73dbd45be,S2292,U1499,urban,false,false,KINYARWANDA,6,0.791,0.2,false,,,completed,9.1,1,1
1eebb71164cedf0626ff982a95d3063f,S2294,U1141,rural,false,true,KINYARWANDA,12,0.65,0.2,false,,,abandoned,8.8,1,0
838bef7a6a94d90078d5c0152ef7ad6c,S2296,U1480,urban,false,false,KINYARWANDA,11,0.76,0.0,false,,,completed,5.8,0,1
e0d374d2369f9604c84af9927387a03b,S2298,U1113,urban,true,false,KINYARWANDA,9,0.665,0.5,false,,,completed,12.0,0,1
a0f45c40b773eeceed787d2c9d92c86c,S2299,U1236,rural,false,false,KINYARWANDA,4,0.8166666666666668,0.16666666666666666,false,,,completed,7.166666666666667,1,1
4044af86224e8b849713a4953753a9ae,S2302,U1340,rural,true,true,KINYARWANDA,10,0.7433333333333333,0.3333333333333333,false,,,transferred,7.5,1,0
7b75cf8b94a6440881309386f3713bea,S2303,U1257,urban,false,false,KINYARWANDA,9,0.8277777777777778,0.1111111111111111,false,,,abandoned,7.888888888888889,1,0
7ae41f826e8a296d1de772fec9afebbd,S2304,U1474,rural,true,true,KINYARWANDA,9,0.79,0.0,false,,,abandoned,5.25,0,0
443635678a659e72fc2a97877d08220b,S2306,U1456,rural,false,false,KINYARWANDA,3,0.805,0.125,false,,,completed,7.875,1,1
6d9929309934036c5cc83b8e3871d96d,S2309,U1322,urban,false,false,KINYARWANDA,4,0.8160000000000001,0.2,false,,,completed,5.6,1,1
f520ca8b456b84889bf4bd779f88fa26,S2310,U1179,rural,false,false,KINYARWANDA,3,0.8166666666666668,0.3333333333333333,true,,,abandoned,7.333333333333333,1,0
a85f61065f38bebabd4dd0519e9cb7a5,S2316,U1310,rural,false,true,KINYARWANDA,4,0.7799999999999999,0.0,false,,,completed,9.833333333333334,1,1
c30fa2f248fc10cf6ed3b6d613fbfadf,S2318,U1418,urban,false,false,KINYARWANDA,4,0.795,0.0,false,,,abandoned,7.25,0,0
df6d16baad507ca5382029ffdc4eb979,S2319,U1405,urban,false,false,KINYARWANDA,10,0.715,0.25,false,,,completed,6.25,1,1
fe0cb9a228d01b3d5d972addab5af678,S2321,U1142,rural,false,false,KINYARWANDA,14,0.7999999999999999,0.3333333333333333,false,,,completed,10.333333333333334,1,1
9cb261d8698f927c74693ceed88904a6,S2323,U1315,urban,false,false,KINYARWANDA,12,0.725,0.25,false,,,abandoned,4.75,0,0
9989a850f96ddd842507f907980ba09f,S2325,U1243,rural,false,false,KINYARWANDA,6,0.655,0.5,false,,,abandoned,11.0,1,0
128c65a301d85a7606071fe5f9acee22,S2333,U1428,rural,false,false,KINYARWANDA,10,0.8075,0.125,false,,,completed,8.0,0,1
3dd0abc6bd5ad363d41c482fa01fd3cf,S2335,U1157,urban,false,false,KINYARWANDA,6,0.782,0.2,true,,,completed,6.8,3,1
ee5637dd79bad95e499b04f91243abc7,S2338,U1157,urban,false,false,KINYARWANDA,4,0.85,0.4,false,,,completed,9.4,2,1
dceee6a8935f30a9d42354bc4bb2ea7d,S2342,U1335,rural,false,false,KINYARWANDA,9,0.7966666666666667,0.3333333333333333,true,,,completed,8.333333333333334,3,1
860f02e9c0e931e13901133d8eea3026,S2343,U1006,rural,false,false,KINYARWANDA,13,0.7185714285714286,0.14285714285714285,false,,,abandoned,7.714285714285714,2,0
e29f54077e6b3c0f6b28cb383f17df9c,S2344,U1435,urban,false,true,KINYARWANDA,8,0.7933333333333333,0.0,false,,,completed,10.333333333333334,0,1
df8a680df578d8c7aefea532f90a4208,S2349,U1162,urban,false,true,KINYARWANDA,7,0.7083333333333334,0.16666666666666666,false,,,abandoned,7.333333333333333,1,0
55c6888cb90aa3a6ee3bae9312dd1198,S2352,U1129,rural,false,true,KINYARWANDA,4,0.69,0.0,false,,,transferred,9.0,0,0
d6acfb0a8213831d89790f9376f7a3cd,S2354,U1465,rural,false,true,KINYARWANDA,7,0.7737499999999999,0.125,false,,,transferred,7.875,0,0
060acd212e6fb0d01e523ceb913f5186,S2358,U1255,rural,false,true,KINYARWANDA,5,0.64,0.0,true,,,completed,7.25,1,1
607d33aec600d2bdcaa48cc6f703bff2,S2360,U1024,rural,false,false,KINYARWANDA,10,0.5980000000000001,0.4,false,,,abandoned,9.0,1,0
62a9c488e3d050fdd8187e0f9fd42f7f,S2361,U1449,rural,false,false,KINYARWANDA,13,0.6666666666666666,0.0,true,,,completed,8.0,1,1
f974103417d13a0406ebaddc2e08b99a,S2366,U1163,rural,false,false,KINYARWANDA,13,0.8171428571428571,0.14285714285714285,false,,,transferred,10.0,1,0
ec98429bfedfd0a017dc46cd1cc03b91,S2369,U1320,rural,false,true,KINYARWANDA,4,0.7116666666666666,0.3333333333333333,false,,,abandoned,8.5,2,0
79254ae8baf77e2f874302ad9a68b4d8,S2373,U1237,rural,false,false,KINYARWANDA,4,0.76,0.4,false,,,abandoned,7.6,2,0
90c1dcdbb31c2c305529a572be94ff7a,S2374,U1380,rural,false,true,KINYARWANDA,7,0.79,0.0,true,,,abandoned,6.0,1,0
ec3c000a49efac8b29c4f1b0865068b2,S2375,U1435,urban,false,true,KINYARWANDA,9,0.6944444444444444,0.2222222222222222,false,,,completed,6.0,1,1
8f60cfcc8d1942c7e30b03d0744d4e94,S2378,U1424,rural,false,false,KINYARWANDA,10,0.68375,0.125,false,,,abandoned,7.875,1,0
1e61caffdc53d812ba7efea87ffff1da,S2379,U1389,urban,false,false,KINYARWANDA,14,0.766,0.0,false,,,completed,6.6,0,1
9b792173d9b622e6f7404cf29c3dc77c,S2380,U1024,rural,false,false,KINYARWANDA,9,0.845,0.25,false,,,abandoned,6.5,1,0
912d00b801db042b2c0898f1616b6435,S2383,U1481,urban,false,true,KINYARWANDA,11,0.87,0.0,false,,,completed,5.0,0,1
b2c0e469cf433cb66bb3b2c5462f9199,S2385,U1404,rural,false,false,KINYARWANDA,7,0.7375,0.25,true,,,transferred,9.75,1,0
20076ffcb508f23ae45a73648687cc29,S2387,U1451,rural,false,false,KINYARWANDA,12,0.82,0.0,false,,,completed,9.333333333333334,0,1
5ba782cec24f133efc60292b57c4575d,S2392,U1443,rural,false,true,KINYARWANDA,12,0.6633333333333333,0.16666666666666666,false,,,completed,5.5,1,1
5f9f3d4bd1e5a23a4d2586d8ccf661b3,S2394,U1287,rural,false,true,KINYARWANDA,9,0.7366666666666667,0.3333333333333333,false,,,completed,8.666666666666666,1,1
e8809c061f435b3422f4acefc217bae4,S2396,U1095,rural,false,true,KINYARWANDA,14,0.7555555555555555,0.1111111111111111,false,,,transferred,9.222222222222221,2,0
b06a52ebc0b93318c5f1536fcd8a421e,S2397,U1091,urban,false,false,KINYARWANDA,5,0.8150000000000001,0.0,false,,,completed,8.25,0,1
752ecc4dcd7dfbc0b8a5fd0d4c20b460,S2402,U1145,rural,false,false,KINYARWANDA,6,0.7949999999999999,0.16666666666666666,true,,,completed,8.5,1,1
e0fd3f6f65c0aecd7481f7baab552b30,S2403,U1476,rural,false,false,KINYARWANDA,13,0.6766666666666667,0.0,true,,,abandoned,9.5,1,0
da1746bad31234c6de53e997ce3ce26b,S2404,U1315,urban,false,false,KINYARWANDA,14,0.80125,0.25,false,,,completed,8.25,3,1
3e5ff5f2e3439597ced02d0105defa0a,S2406,U1389,urban,false,false,KINYARWANDA,7,0.77,0.3333333333333333,true,,,abandoned,8.0,1,0
20c78688f418770a0766de4a256ff64c,S2407,U1159,urban,false,true,KINYARWANDA,9,0.7016666666666667,0.16666666666666666,true,,,completed,7.5,3,1
d3e42928ab5413ffbbe305ba7c99ec90,S2411,U1129,rural,false,true,KINYARWANDA,9,0.63,0.1111111111111111,false,,,completed,6.444444444444445,2,1
69aa79c83e71fb7b14cfbea6a64bc8eb,S2413,U1150,urban,true,false,KINYARWANDA,9,0.7383333333333333,0.0,false,,,completed,6.333333333333333,0,1
9c243cf46ad0eb0dcb70063abea5e145,S2418,U1466,rural,false,false,KINYARWANDA,12,0.736,0.2,false,,,transferred,9.2,1,0
e3c7c94956ae18234235c93780867eb3,S2425,U1177,rural,false,true,KINYARWANDA,14,0.741,0.1,false,,,transferred,6.6,2,0
2cceb628dfe8332ab59856051967d7ff,S2428,U1055,urban,false,true,KINYARWANDA,7,0.59,0.5,true,,,completed,10.0,2,1
d414ccb013a87afe2d5f4f5ab4d9e152,S2430,U1456,rural,false,false,KINYARWANDA,6,0.8133333333333334,0.16666666666666666,false,,,abandoned,8.0,0,0
df802fc8f59848ce391fda7a75de6daf,S2432,U1082,rural,false,true,KINYARWANDA,14,0.7,0.0,false,,,transferred,12.0,0,0
02ca63a3d31670cc514eab8f5660cfb3,S2434,U1098,rural,false,false,KINYARWANDA,5,0.7516666666666666,0.3333333333333333,true,,,abandoned,6.166666666666667,3,0
9da92ad809ea1eff90b493920b13da7c,S2437,U1155,rural,false,false,KINYARWANDA,4,0.76,0.0,false,,,completed,6.4,1,1
be5f7378d675ac7bf08342e2b06ea668,S2438,U1189,rural,false,false,KINYARWANDA,9,0.7766666666666667,0.0,true,,,transferred,6.666666666666667,3,0
0e04f3eb6b1d54e9a52d6824d86a25bc,S2440,U1370,rural,false,false,KINYARWANDA,12,0.7688888888888888,0.1111111111111111,false,,,abandoned,8.11111111111111,1,0
d6bfdf2939454d4cf609463c73f2c048,S2443,U1399,urban,true,false,KINYARWANDA,8,0.7849999999999999,0.0,false,,,completed,5.9,1,1
328022f7ec6476e1d500c02c122a489e,S2448,U1102,rural,false,false,KINYARWANDA,10,0.7666666666666666,0.0,true,,,completed,8.666666666666666,2,1
6ffab592df32aa1fb5d2a36ba2d512d5,S2449,U1039,rural,false,true,KINYARWANDA,11,0.6950000000000001,0.3,false,,,completed,6.6,5,1
f6d04b84a5ad25ce0e6c2f86186a8573,S2450,U1272,urban,false,false,KINYARWANDA,10,0.71,0.25,true,,,completed,7.5,2,1
5f70daea9da8af465bccc01fe644f7ff,S2451,U1100,rural,false,true,KINYARWANDA,7,0.7133333333333334,0.0,false,,,completed,8.666666666666666,1,1
c8083a1807832860dce12a9cc99c419e,S2453,U1379,rural,false,false,KINYARWANDA,12,0.7033333333333333,0.0,true,,,abandoned,10.666666666666666,0,0
0e3147cbedccecb00ff89bae3d3c907c,S2454,U1307,rural,false,false,KINYARWANDA,13,0.784,0.0,false,,,abandoned,6.8,0,0
8c17a0a300ea864678a7656699539608,S2455,U1220,urban,false,false,KINYARWANDA,11,0.7475,0.25,false,,,completed,11.5,2,1
cc639bf7b45248a58944564e655e0f56,S2461,U1177,rural,false,true,KINYARWANDA,12,0.7328571428571429,0.2857142857142857,false,,,completed,8.714285714285714,2,1
d5f7ef1a92d8203d0bef23103a3dcb38,S2465,U1190,rural,false,true,KINYARWANDA,4,0.755,0.3,false,,,abandoned,6.9,3,0
275488b5c81dda9227901cbf7d10f839,S2467,U1255,rural,false,true,KINYARWANDA,6,0.782,0.2,false,,,completed,7.4,1,1
648dfa522a6094c9bc7d4ee0b67ec93f,S2468,U1482,rural,false,false,KINYARWANDA,11,0.775,0.0,true,,,completed,10.0,1,1
fef4577f119eb5fd90b984ff32eeb4e7,S2473,U1013,rural,false,true,KINYARWANDA,7,0.85,0.5,false,,,completed,10.375,3,1
f3ba2a5a290dddd2ba099c324dcb91bd,S2475,U1228,urban,false,false,KINYARWANDA,11,0.73125,0.125,false,,,completed,6.875,1,1
14b286b7cf3c17a324300389747bc5c1,S2478,U1182,urban,false,false,KINYARWANDA,13,0.7566666666666667,0.6666666666666666,false,,,completed,7.333333333333333,0,1
e411d830d05ffe338f440bf8a7411b9a,S2486,U1148,rural,false,false,KINYARWANDA,4,0.7325,0.25,true,,,abandoned,8.25,2,0
b7ae258a47d09b735a115cc6a6553536,S2487,U1137,urban,false,false,KINYARWANDA,14,0.8460000000000001,0.2,false,,,completed,8.2,0,1
52b8f0f07723a9ee70a5390abe95a253,S2488,U1470,rural,false,false,KINYARWANDA,12,0.78,0.6,false,,,abandoned,7.8,2,0
c6b55108cdc374e69bef14937af71dbd,S2490,U1375,rural,false,false,KINYARWANDA,6,0.682,0.2,false,,,completed,11.4,2,1
113ca35b7088d2e970e7f389fc41a4dd,S2494,U1012,urban,false,false,KINYARWANDA,3,0.7083333333333334,0.16666666666666666,true,,,completed,7.166666666666667,3,1
da08e009ef736aec8ef34784f7c7224d,S2496,U1473,urban,false,true,KINYARWANDA,12,0.665,0.25,false,,,completed,9.25,1,1
9b138e666e186c1c96f505d2a9b3c998,S2499,U1212,urban,false,true,KINYARWANDA,13,0.825,0.5,false,,,completed,9.25,1,1
72911d0542584e00f0bb29329cc626f4,S2501,U1337,urban,false,false,KINYARWANDA,5,0.765,0.16666666666666666,false,,,abandoned,6.5,1,0
684cc04b17b4982ac0424c273e9a9916,S2502,U1484,rural,false,true,KINYARWANDA,12,0.7425,0.25,false,,,completed,7.5,0,1
01f75e554f8b9817d673a57e556ba0f0,S2506,U1464,urban,false,false,KINYARWANDA,3,0.635,0.0,false,,,abandoned,7.25,0,0
7b0dc7ac34a7393dbe84365221e1e374,S2508,U1496,rural,false,false,KINYARWANDA,9,0.758,0.3,false,,,transferred,7.9,1,0
321e86f013c9c168cc2e71f0ddfbe7ac,S2510,U1394,rural,false,true,KINYARWANDA,6,0.7090909090909091,0.09090909090909091,false,,,completed,7.545454545454546,3,1
e7af1210f32ffcede75975209f1c7eba,S2511,U1190,rural,false,true,KINYARWANDA,3,0.7066666666666667,0.0,true,,,completed,6.333333333333333,1,1
8f028fda9293b101e3b5aef914f467cd,S2514,U1255,rural,false,true,KINYARWANDA,6,0.7042857142857143,0.5714285714285714,false,,,completed,9.571428571428571,3,1
42970c1f4dd3ec8edd107c5542a876bd,S2517,U1281,rural,false,false,KINYARWANDA,4,0.7616666666666667,0.25,false,,,transferred,8.416666666666666,3,0
680c4d44dfb59dbf8568cfd9dfb75e22,S2519,U1033,urban,false,true,KINYARWANDA,10,0.7457142857142858,0.42857142857142855,false,,,completed,8.714285714285714,3,1
e71afa94de6091a7787f466a48bb859a,S2525,U1226,urban,false,true,KINYARWANDA,4,0.73,0.2,false,,,completed,7.6,0,1
496d77bf41e00e7b5aa3e78b27bc4d3f,S2526,U1232,rural,false,true,KINYARWANDA,9,0.7866666666666666,0.0,false,,,completed,7.777777777777778,2,1
5341a841b703e2827d0dca708645abf9,S2527,U1220,urban,false,false,KINYARWANDA,10,0.8125,0.25,false,,,completed,8.0,1,1
353233c0da7cccf349fa94a9c77ace10,S2528,U1435,urban,false,true,KINYARWANDA,3,0.71,0.0,true,,,completed,12.0,1,1
af612bcaefd9adf7830d930fbf3bc3d4,S2531,U1041,rural,false,false,KINYARWANDA,11,0.54,0.0,true,,,completed,9.0,0,1
8f4bf074893e5f1ed9014241a2fc9f07,S2532,U1020,urban,false,false,KINYARWANDA,13,0.8,0.6,false,,,completed,7.6,2,1
6f4d6ca6e84156760dcea24d81f99269,S2533,U1041,rural,false,false,KINYARWANDA,6,0.655,0.16666666666666666,false,,,completed,9.5,0,1
3c2e6715c2ed21644fdb4d6b668eae8e,S2535,U1112,urban,false,true,KINYARWANDA,6,0.7833333333333333,0.3333333333333333,false,,,abandoned,7.5,2,0
9993d193a95b0215f92a3d255a327db1,S2538,U1016,rural,false,true,KINYARWANDA,3,0.885,0.0,false,,,completed,13.0,0,1
7797b1413d8e21a7b9106e18c40a3522,S2540,U1392,rural,false,true,KINYARWANDA,4,0.7799999999999999,0.0,false,,,abandoned,8.0,0,0
76c7cee5943df78b6043acfb24e7b298,S2542,U1128,rural,true,true,KINYARWANDA,4,0.818,0.6,false,,,transferred,9.0,2,0
ba2f9f49abc82571f3727909bf62683e,S2545,U1047,rural,false,true,KINYARWANDA,3,0.738,0.4,false,,,abandoned,8.8,1,0
143377272c24371f18a8a98ca01eaab4,S2547,U1096,rural,false,true,KINYARWANDA,9,0.7,0.0,false,,,abandoned,8.25,0,0
b4da8df3f3b2ce3f98303948859f530c,S2548,U1009,urban,false,false,KINYARWANDA,7,0.8233333333333333,0.3333333333333333,false,,,completed,6.333333333333333,1,1
d4a7a27a1d609928a0fbd8a693725458,S2549,U1241,urban,false,false,KINYARWANDA,10,0.6985714285714286,0.2857142857142857,false,,,completed,6.285714285714286,2,1
692aa3db37f3450801a15fe2f3ec783f,S2552,U1231,rural,false,true,KINYARWANDA,12,0.6433333333333333,0.16666666666666666,true,,,abandoned,6.333333333333333,1,0
42f09e7968129b71e432b028ec804515,S2553,U1276,urban,false,true,KINYARWANDA,9,0.8300000000000001,0.16666666666666666,false,,,transferred,8.833333333333334,2,0
8b1975f1def012d1d688f050046f4127,S2558,U1263,rural,false,false,KINYARWANDA,14,0.7071428571428572,0.2857142857142857,false,,,abandoned,8.857142857142858,1,0
6e8f7cc238ecb2c84e6cafd55b5e3394,S2559,U1442,rural,false,false,KINYARWANDA,7,0.755,0.0,false,,,abandoned,8.25,1,0
35bf8f2610b6ba39040419144231f7fc,S2564,U1400,rural,false,true,KINYARWANDA,5,0.76,0.0,false,,,completed,8.142857142857142,0,1
b9ff752be06b21fa51f94d1690a96f3c,S2566,U1342,rural,false,false,KINYARWANDA,6,0.79625,0.0,false,,,completed,8.125,0,1
3af5be3c9898fd55408cf1265347aefd,S2567,U1343,rural,false,false,KINYARWANDA,6,0.7462500000000001,0.0,false,,,completed,8.5,1,1
b3a0357b748405488ceb5510925dfadf,S2570,U1068,rural,false,true,KINYARWANDA,5,0.6883333333333334,0.16666666666666666,false,,,completed,7.333333333333333,1,1
7509d8aa3ff49182681e71fae22e2883,S2571,U1415,rural,false,false,KINYARWANDA,14,0.585,0.0,false,,,abandoned,8.0,0,0
3d2ec9d24cb6b2b257062088f608952e,S2573,U1448,rural,false,false,KINYARWANDA,11,0.83,1.0,false,,,abandoned,12.0,1,0
1817a786ee51e5b3c4f4fe8fd77e06dd,S2574,U1086,urban,true,false,KINYARWANDA,14,0.8316666666666667,0.0,false,,,completed,9.0,1,1
c848742ce91fbe9cb2b5d94f73dee6e1,S2575,U1100,rural,false,true,KINYARWANDA,7,0.696,0.0,false,,,completed,8.2,1,1
5ddd75494e4526fb5792cd76ead33c24,S2579,U1086,urban,true,false,KINYARWANDA,4,0.714,0.5,false,,,abandoned,8.9,3,0
ec142e3ad3d3e6a06aaabf61d5edd17f,S2581,U1384,urban,false,false,KINYARWANDA,9,0.6333333333333333,0.3333333333333333,false,,,transferred,6.333333333333333,1,0
f34682ec31796debe572f0154a2b76b6,S2582,U1108,rural,false,false,KINYARWANDA,12,0.7885714285714285,0.14285714285714285,false,,,completed,5.285714285714286,1,1
eadf7ea8add2a6b68c171b105d0b6651,S2584,U1407,rural,false,false,KINYARWANDA,11,0.8375,0.5,false,,,abandoned,6.5,1,0
ece520c5aedf49c11bac965a89b0a20a,S2585,U1482,rural,false,false,KINYARWANDA,9,0.715,0.16666666666666666,false,,,completed,6.666666666666667,2,1
4221795f0dc9262dac43b673286ca11d,S2591,U1231,rural,false,true,KINYARWANDA,13,0.72,0.125,false,,,completed,9.375,1,1
82d65b4d1d46e182083171949f54aa2d,S2594,U1365,rural,false,true,KINYARWANDA,7,0.7,0.0,true,,,completed,9.0,1,1
e51d966c05ca197b10cc2de3aa54b68d,S2595,U1227,rural,false,true,KINYARWANDA,10,0.8075,0.0,false,,,abandoned,10.0,1,0
d2689974165fa4dc2000a8dd2f816aac,S2596,U1138,rural,false,false,KINYARWANDA,3,0.75,0.3333333333333333,true,,,abandoned,8.666666666666666,0,0
119173b4032cb1660aceb0853c05ead2,S2598,U1398,urban,true,false,KINYARWANDA,3,0.7942857142857144,0.42857142857142855,false,,,abandoned,8.0,1,0
bbe2a47bed14859557241533f664c9e6,S2599,U1210,rural,false,true,KINYARWANDA,9,0.695,0.0,true,,,completed,8.5,1,1
335fb5194018f682eed1706e09617e4c,S2601,U1498,urban,false,true,KINYARWANDA,7,0.8325,0.25,false,,,transferred,10.0,0,0
d34235400398d96e8547f031acac7025,S2602,U1027,rural,false,false,KINYARWANDA,3,0.79,0.3333333333333333,true,,,completed,7.666666666666667,1,1
9c73f7ff71cf525021952f3f90d0808d,S2604,U1490,rural,false,true,KINYARWANDA,3,0.7,0.5,false,,,completed,7.75,1,1
4ade7e9ee69b55024403f5e87175fda6,S2605,U1441,urban,false,true,KINYARWANDA,7,0.7457142857142857,0.42857142857142855,false,,,completed,7.571428571428571,1,1
504e730102641c26c1e3331fba2c5c48,S2606,U1260,urban,false,true,KINYARWANDA,12,0.8380000000000001,0.0,false,,,completed,10.4,1,1
ac63b1badb81c7c7a67146c9c8889a56,S2607,U1260,urban,false,true,KINYARWANDA,11,0.8142857142857143,0.2857142857142857,true,,,transferred,7.142857142857143,4,0
b48856a9beea42c434fd3abc274b29cb,S2608,U1349,urban,false,true,KINYARWANDA,6,0.8175,0.5,false,,,completed,7.5,0,1
5267d64f2e9cfcc80568138ab3e3e62f,S2611,U1319,rural,false,true,KINYARWANDA,13,0.8057142857142857,0.14285714285714285,false,,,completed,8.857142857142858,2,1
2e0c64f65e47ee7cc1bc4be12b2318e8,S2612,U1137,urban,false,false,KINYARWANDA,5,0.7133333333333333,1.0,false,,,completed,11.333333333333334,2,1
8da26413281250ebf8dbbf09f066307f,S2614,U1110,rural,true,false,KINYARWANDA,4,0.7683333333333334,0.3333333333333333,false,,,completed,9.0,1,1
4ea497393d04a3891895e5110bc6c2f1,S2617,U1219,urban,false,true,KINYARWANDA,3,0.85,0.5714285714285714,false,,,completed,6.571428571428571,3,1
259de20c303c51a40f4e3aff8f256514,S2619,U1222,rural,true,true,KINYARWANDA,3,0.8428571428571429,0.2857142857142857,false,,,completed,8.285714285714286,0,1
5dccbcfc580c655904fba27c3d587aba,S2620,U1135,rural,false,true,KINYARWANDA,6,0.7044444444444444,0.3333333333333333,false,,,completed,8.88888888888889,1,1
098ec6dd80b07e56eb2ea2105a4c5da8,S2621,U1255,rural,false,true,KINYARWANDA,12,0.6479999999999999,0.2,false,,,completed,7.8,2,1
030561a6f148f44325395a60651e2454,S2624,U1328,rural,false,false,KINYARWANDA,8,0.635,0.16666666666666666,false,,,abandoned,7.5,3,0
d3c41823f037bbd154da463dcd5d4e8f,S2625,U1449,rural,false,false,KINYARWANDA,11,0.6385714285714286,0.0,false,,,completed,7.571428571428571,1,1
d388054b6d50f8c42224408d81c25ae7,S2626,U1462,urban,false,true,KINYARWANDA,3,0.716,0.1,false,,,completed,9.1,3,1
9f4866c75589be3bf6a712e7c7ef44fb,S2627,U1433,rural,false,false,KINYARWANDA,9,0.74,0.0,false,,,abandoned,9.0,0,0
4562d42f23cf1000655c5d9098691e7e,S2628,U1450,urban,false,false,KINYARWANDA,12,0.595,0.5,true,,,completed,3.0,1,1
8d94b6978d953c11581bcc16b671b2d5,S2631,U1381,urban,false,true,KINYARWANDA,14,0.7714285714285715,0.7142857142857143,false,,,abandoned,10.142857142857142,2,0
66da746750bc8e23947f1443e91686c2,S2632,U1323,rural,false,true,KINYARWANDA,10,0.7714285714285715,0.0,false,,,abandoned,3.5714285714285716,1,0
c6b0273a12cc4940b89c87601a64eba7,S2633,U1077,rural,false,false,KINYARWANDA,9,0.7983333333333333,0.0,false,,,abandoned,8.166666666666666,0,0
ecbdc6c2b8da6c717581e379ba4c6157,S2635,U1168,rural,false,true,KINYARWANDA,6,0.76,0.0,true,,,abandoned,7.0,1,0
59bb068afe5fbd8caa15d65baceedc8e,S2636,U1216,rural,false,true,KINYARWANDA,8,0.79,0.3333333333333333,true,,,completed,10.666666666666666,1,1
1adedd54645d1d8979bd12acf18d169e,S2637,U1377,rural,false,false,KINYARWANDA,8,0.7788888888888889,0.2222222222222222,true,,,completed,6.777777777777778,4,1
0bd6cf6f4bc4e97390ec2fccbb9aea8b,S2638,U1118,urban,false,true,KINYARWANDA,11,0.812,0.2,false,,,completed,9.8,2,1
62583d7e3bedf4c189786b129366f174,S2639,U1189,rural,false,false,KINYARWANDA,14,0.6375,0.0,false,,,completed,7.5,0,1
f292f7e7bb81175c57a79ba3702d00b1,S2640,U1254,rural,false,false,KINYARWANDA,7,0.765,0.75,false,,,completed,9.75,2,1
832a81bc7b2bf8f632bd8b685445685e,S2641,U1369,rural,false,true,KINYARWANDA,10,0.8025,0.5,false,,,transferred,8.25,2,0
b92dc4d115ef56e9eb199768e1b8db3e,S2642,U1265,urban,false,true,KINYARWANDA,7,0.5900000000000001,0.25,false,,,completed,5.5,0,1
ad3f203dca723f2787269cc547953b5b,S2646,U1346,urban,true,true,KINYARWANDA,5,0.742,0.2,false,,,abandoned,7.6,0,0
7876004c9fddc3d8d1f1c63fcf379395,S2647,U1487,rural,false,false,KINYARWANDA,3,0.8175,0.25,false,,,completed,10.25,0,1
61b1eedfb8fc5060edeaa8e93e709b07,S2648,U1257,urban,false,false,KINYARWANDA,3,0.7481818181818182,0.2727272727272727,false,,,completed,8.818181818181818,1,1
4ad0e20bde32df045812fb75c639f538,S2653,U1350,rural,true,false,KINYARWANDA,11,0.7616666666666667,0.16666666666666666,false,,,completed,9.166666666666666,1,1
e3567d5b14e76bd14de0629ef336e9ab,S2654,U1399,urban,true,false,KINYARWANDA,10,0.6988888888888889,0.1111111111111111,false,,,completed,6.555555555555555,0,1
4ef805243550426afd33c6b188a314b8,S2656,U1287,rural,false,true,KINYARWANDA,11,0.84,0.3333333333333333,true,,,abandoned,8.0,0,0
4ca522f4006778f5877b210c371fb2aa,S2657,U1379,rural,false,false,KINYARWANDA,8,0.7433333333333333,0.3333333333333333,false,,,abandoned,10.5,2,0
798b4c17b420115e893a3bbf8a10bf0f,S2658,U1225,rural,false,false,KINYARWANDA,9,0.6325000000000001,0.0,false,,,abandoned,3.25,1,0
10381abb013139444b57b309d947d073,S2659,U1010,rural,false,true,KINYARWANDA,6,0.7533333333333333,0.3333333333333333,false,,,completed,9.0,0,1
62c29c6548dc8d053a0905a6f180c453,S2662,U1272,urban,false,false,KINYARWANDA,4,0.6685714285714285,0.14285714285714285,false,,,transferred,7.142857142857143,0,0
85b4ea9244648458ad74be2900444d52,S2666,U1456,rural,false,false,KINYARWANDA,9,0.736,0.6,false,,,completed,6.6,2,1
acffcacaab4f671ebf9bec2da5dc10df,S2667,U1152,rural,false,false,KINYARWANDA,8,0.6799999999999999,0.0,false,,,completed,7.5,1,1
a2207b6b3353b67a65686abf3b3a1c3e,S2668,U1487,rural,false,false,KINYARWANDA,5,0.7400000000000001,0.16666666666666666,false,,,abandoned,7.666666666666667,2,0
cf22b5a8ef4ee361c5be0a7f5afbc4b7,S2669,U1314,urban,false,false,KINYARWANDA,7,0.79,0.16666666666666666,false,,,transferred,8.666666666666666,0,0
7204d82646fb8efe05076ec3f2430dbf,S2670,U1333,rural,false,false,KINYARWANDA,3,0.6900000000000001,0.0,false,,,transferred,7.6,2,0
88718ea695bd79f3fe32120082396bf9,S2671,U1123,rural,false,false,KINYARWANDA,9,0.33,0.0,false,,,completed,10.0,0,1
7ea908ea6e3b09a5964a69db9aa88090,S2672,U1472,rural,false,false,KINYARWANDA,11,0.87,0.0,false,,,completed,7.25,0,1
8ce2de1258981dd0713cff774d208cdc,S2673,U1113,urban,true,false,KINYARWANDA,3,0.7,0.2,false,,,transferred,8.8,1,0
c29c3df6ef1259d4cbaef522eac3d9fe,S2674,U1277,urban,false,false,KINYARWANDA,4,0.865,0.25,false,,,abandoned,8.75,1,0
40b7fd67480ed6e55dd6cc5396b069f4,S2676,U1413,rural,false,true,KINYARWANDA,5,0.692,0.2,false,,,completed,9.2,1,1
c1bddf3a7e13c80ab2ee7059e7a767d6,S2683,U1112,urban,false,true,KINYARWANDA,6,0.6722222222222222,0.1111111111111111,false,,,completed,8.222222222222221,1,1
8ebe8b76270cced04dfe37379b45f556,S2687,U1121,urban,false,false,KINYARWANDA,4,0.806,0.4,false,,,transferred,7.2,2,0
fe1363214e5df7b95f85e3fdd2e92c9f,S2688,U1031,rural,false,false,KINYARWANDA,6,0.6075,0.0,true,,,transferred,9.5,0,0
2b8c904b72946364c1ed4bf37927dfd0,S2689,U1221,rural,false,true,KINYARWANDA,5,0.739,0.0,true,,,completed,5.5,0,1
f774658452069d732856f357c8a7d19e,S2690,U1118,urban,false,true,KINYARWANDA,3,0.73625,0.0,false,,,completed,8.5,2,1
df22ae962d0743980a6110f1dca3dad0,S2691,U1038,urban,false,true,KINYARWANDA,7,0.8171428571428571,0.2857142857142857,false,,,abandoned,5.857142857142857,3,0
159b30f70b79b190960c4c403fc87032,S2692,U1496,rural,false,false,KINYARWANDA,9,0.7533333333333333,0.0,false,,,abandoned,8.0,1,0
d6fb9b1147c6ac5e8213db15c33c3cb1,S2693,U1267,urban,false,false,KINYARWANDA,4,0.76875,0.375,false,,,transferred,6.75,4,0
e9ddb4f4e6bf5c17ee1bd9ca68752d09,S2703,U1359,rural,true,false,KINYARWANDA,8,0.8375,0.125,false,,,completed,9.125,1,1
494eb6a7e988eeb839f05074f87350ec,S2705,U1134,urban,false,false,KINYARWANDA,7,0.738,0.0,true,,,completed,8.2,2,1
d9329dc9286abd798dcda6d055df477a,S2707,U1235,urban,false,true,KINYARWANDA,6,0.715,0.0,false,,,abandoned,7.375,1,0
580ff8ab4f5bb07cd5285d4c48056302,S2708,U1223,rural,false,false,KINYARWANDA,10,0.635,0.5,false,,,abandoned,9.5,0,0
a623414ad2ef9fdb07618fd50585be67,S2710,U1255,rural,false,true,KINYARWANDA,6,0.7424999999999999,0.25,false,,,completed,7.75,2,1
eddc9bc56c84f58c7118e718ab725d1a,S2711,U1085,rural,false,false,KINYARWANDA,5,0.7433333333333333,0.0,false,,,completed,5.666666666666667,1,1
bfd93aeee1778ad007d648e524982274,S2712,U1149,rural,false,false,KINYARWANDA,10,0.75,0.4,false,,,completed,7.2,2,1
d87771e713911c6dcc823f85d847b1e6,S2716,U1347,rural,false,true,KINYARWANDA,11,0.8014285714285715,0.42857142857142855,false,,,transferred,7.714285714285714,2,0
144343fc87c3004200001816fa427a59,S2719,U1465,rural,false,true,KINYARWANDA,4,0.7399999999999999,0.0,false,,,completed,6.666666666666667,0,1
023ac9197b3466685a361452f4557eca,S2722,U1212,urban,false,true,KINYARWANDA,13,0.7787499999999999,0.25,false,,,completed,10.375,1,1
4f61ba708ad202232326d254df652b3b,S2723,U1462,urban,false,true,KINYARWANDA,5,0.8414285714285714,0.0,false,,,completed,10.142857142857142,1,1
29dc21869c4541ae62643e9a25bd138b,S2726,U1049,rural,false,true,KINYARWANDA,3,0.8416666666666667,0.5,false,,,completed,8.666666666666666,1,1
c3db8e2b8e7296f28cdf230360fc5cb7,S2727,U1094,urban,false,true,KINYARWANDA,14,0.8300000000000001,0.4,false,,,transferred,8.8,2,0
2c2e080ba5c5263c24a2f3398849a140,S2729,U1498,urban,false,true,KINYARWANDA,14,0.8220000000000001,0.8,false,,,completed,9.6,3,1
0c93d6852e4b06d01ffe6ef0be0fd523,S2730,U1406,rural,false,false,KINYARWANDA,10,0.88125,0.25,false,,,completed,7.875,2,1
ec5f0ef7b1b383247400f550329ac371,S2731,U1087,urban,false,true,KINYARWANDA,14,0.88,0.5,false,,,completed,11.833333333333334,2,1
e43081fe78c63846bef07368d6e17445,S2733,U1460,rural,true,true,KINYARWANDA,8,0.92,0.0,false,,,abandoned,13.0,0,0
c6767565e8b140ee70819aa1dcae8d31,S2734,U1277,urban,false,false,KINYARWANDA,13,0.762,0.2,false,,,completed,5.0,1,1
590f1c9d6e01036234f1eeca651391b4,S2735,U1170,urban,false,false,KINYARWANDA,5,0.7600000000000001,0.0,true,,,transferred,6.0,0,0
53fd0ed98b65d77b56531283ffe5a3a7,S2736,U1420,urban,false,true,KINYARWANDA,14,0.84,0.0,false,,,completed,2.0,0,1
06677f501c7abf6ca29c94cccf3ff6e7,S2737,U1188,rural,false,true,KINYARWANDA,6,0.784,0.4,false,,,completed,8.8,3,1
06286ecd999dc1404b500c7ec17406ad,S2740,U1002,urban,false,false,KINYARWANDA,3,0.7483333333333334,0.0,true,,,completed,5.166666666666667,1,1
b7f2e3cfe9437e28470f71ade0fc18e1,S2742,U1117,rural,false,false,KINYARWANDA,12,0.7599999999999999,0.0,false,,,abandoned,7.333333333333333,0,0
9ba608c53819c32875a73b64a5583a0c,S2744,U1022,rural,false,false,KINYARWANDA,13,0.7566666666666667,0.0,true,,,abandoned,11.0,2,0
0c8df3a1b5a1e5a855975563c4fbba32,S2749,U1366,urban,false,false,KINYARWANDA,13,0.7375,0.0,false,,,abandoned,10.25,0,0
7a24cdb4e67498c15ec5031953005bdf,S2758,U1071,rural,false,true,KINYARWANDA,8,0.7183333333333333,0.3333333333333333,false,,,completed,6.166666666666667,0,1
3cb0a2e507b7cf2d40ef2d0248ea61a6,S2759,U1128,rural,true,true,KINYARWANDA,4,0.8242857142857142,0.14285714285714285,false,,,abandoned,5.142857142857143,2,0
feb2adf41e5e3743ffb8461593163316,S2760,U1363,rural,false,false,KINYARWANDA,9,0.8314285714285715,0.2857142857142857,false,,,completed,8.285714285714286,0,1
fb7b612e4881bfa68a13ae0a1e58e1c0,S2762,U1002,urban,false,false,KINYARWANDA,4,0.72,0.0,false,,,completed,7.428571428571429,0,1
0b3d6ee7405946576690f2beadf53b3f,S2763,U1448,rural,false,false,KINYARWANDA,14,0.778,0.4,false,,,completed,7.6,4,1
1c025086ecb5ffcb433234030cf95d88,S2770,U1353,rural,false,false,KINYARWANDA,5,0.6825,0.125,false,,,completed,7.75,2,1
2c3cc5249064eaa46f95152a59ffc90a,S2772,U1472,rural,false,false,KINYARWANDA,4,0.82,0.16666666666666666,true,,,completed,6.666666666666667,3,1
522ef565cafea00e9d15dc4962db4e21,S2773,U1009,urban,false,false,KINYARWANDA,7,0.7283333333333334,0.0,true,,,completed,8.333333333333334,1,1
42d0eab178b60b1a102e720a5459f68d,S2776,U1301,rural,false,false,KINYARWANDA,9,0.7424999999999999,0.25,false,,,abandoned,9.0,1,0
a1853a1fb616258b3a80d6d585ac9a0a,S2778,U1218,urban,false,false,KINYARWANDA,11,0.54,0.0,false,,,completed,12.5,0,1
d4c583eeca4c16d034f2138027e57104,S2784,U1392,rural,false,true,KINYARWANDA,9,0.8525,0.5,true,,,abandoned,8.0,2,0
66c002ba022a2fec17e8ee668a079860,S2787,U1085,rural,false,false,KINYARWANDA,9,0.6325000000000001,0.25,false,,,abandoned,7.75,0,0
99cd349ff4e994c4662b7c75ee6491d6,S2788,U1233,rural,false,true,KINYARWANDA,6,0.7933333333333333,0.3333333333333333,true,,,transferred,7.666666666666667,0,0
a8f770b5beb903e7975abc6edf0c09a3,S2790,U1313,urban,false,false,KINYARWANDA,11,0.79,0.25,false,,,transferred,10.5,0,0
ff78f87e5183b6c75f5d58e0c417728b,S2792,U1011,urban,false,false,KINYARWANDA,9,0.772,0.2,true,,,completed,9.2,0,1
1ea30e2a3a229a3386a4999785d2518c,S2793,U1208,rural,false,true,KINYARWANDA,11,0.7100000000000001,0.09090909090909091,false,,,completed,7.363636363636363,3,1
ae6f383225939ff91aea20fa00536724,S2794,U1461,urban,false,false,KINYARWANDA,14,0.6675,0.0,false,,,completed,11.75,0,1
2142e83f2035b01becf9920299f5ff47,S2797,U1417,rural,false,true,KINYARWANDA,14,0.8119999999999999,0.2,false,,,abandoned,9.0,2,0
74fc58541c1c59deb094c02ac1c93485,S2798,U1436,rural,true,true,KINYARWANDA,4,0.8625,0.25,false,,,completed,9.375,4,1
91462b0fd6db88f38db02d849acfb938,S2801,U1074,urban,false,false,KINYARWANDA,14,0.7466666666666667,0.16666666666666666,false,,,transferred,7.333333333333333,1,0
f7e2e85a3ccde9fd39fc3d6fc14015d1,S2803,U1242,urban,false,false,KINYARWANDA,9,0.7575,0.5,false,,,completed,8.0,2,1
f038f6435a6411fc29656dc1da55990b,S2807,U1210,rural,false,true,KINYARWANDA,14,0.77,0.0,false,,,completed,7.0,0,1
459f32199b58fbb8e08c64a0ff2c7da6,S2809,U1185,urban,false,false,KINYARWANDA,3,0.7985714285714286,0.0,false,,,transferred,9.714285714285714,1,0
ad9a6178394466d7aecf8c83a2785180,S2811,U1110,rural,true,false,KINYARWANDA,9,0.84,0.0,false,,,completed,10.666666666666666,0,1
caac0109e3d9d895ecec537922b2391b,S2813,U1131,rural,false,false,KINYARWANDA,5,0.8027272727272727,0.18181818181818182,false,,,completed,7.0,4,1
56c8e83383b1cad74fc79852298a0c87,S2814,U1019,rural,false,true,KINYARWANDA,14,0.6225,0.25,false,,,abandoned,9.25,2,0
a7488293e7e5d2ad647241b6e671dd94,S2819,U1292,urban,false,false,KINYARWANDA,4,0.8466666666666667,0.3333333333333333,false,,,completed,8.666666666666666,2,1
72f964557a6128ae0ad1a371bf0c2d0c,S2822,U1309,rural,false,false,KINYARWANDA,8,0.7625,0.0,false,,,transferred,7.75,1,0
06ae72985644e769ae0fd6b64eaf0e48,S2823,U1487,rural,false,false,KINYARWANDA,12,0.8088888888888889,0.3333333333333333,false,,,transferred,8.11111111111111,4,0
345dbc4f2804162bdc985cb3c783a0fe,S2825,U1404,rural,false,false,KINYARWANDA,4,0.7925,0.25,false,,,completed,7.25,0,1
1907300241bf077fce4901f280e86bac,S2829,U1259,rural,false,false,KINYARWANDA,7,0.791,0.2,false,,,completed,5.9,3,1
9a1b829d03601a5805a10a527ff08d6d,S2830,U1187,rural,false,true,KINYARWANDA,4,0.76,0.0,false,,,completed,10.0,0,1
79e77ec428fcaaecf1c5bf26547f8eab,S2832,U1428,rural,false,false,KINYARWANDA,5,0.682,0.2,false,,,abandoned,11.0,2,0
1983bab2949fb6afe05e5d39597456d6,S2836,U1070,urban,false,true,KINYARWANDA,5,0.7085714285714285,0.14285714285714285,false,,,completed,5.714285714285714,1,1
0dae2b1251fabdc1f6c76207dc318d82,S2838,U1220,urban,false,false,KINYARWANDA,14,0.67375,0.25,false,,,completed,8.625,1,1
7ccdfd6758e6f70ef65eb75a8f8d7bf8,S2840,U1002,urban,false,false,KINYARWANDA,9,0.7866666666666666,0.6666666666666666,true,,,transferred,6.333333333333333,2,0
30bb160ae8fd90ba6bbe9e29163c5e79,S2841,U1215,rural,false,true,KINYARWANDA,10,0.6733333333333333,0.0,false,,,completed,7.5,0,1
cf235e186d68f06d919f3b814f772325,S2842,U1228,urban,false,false,KINYARWANDA,4,0.775,0.16666666666666666,false,,,abandoned,5.0,1,0
acb2fcda4e4eacebbe365ca86b8d1894,S2843,U1335,rural,false,false,KINYARWANDA,6,0.6985714285714285,0.0,false,,,completed,7.285714285714286,0,1
82bebef0346047d8f7aa67c260688d01,S2848,U1375,rural,false,false,KINYARWANDA,6,0.8528571428571429,0.2857142857142857,false,,,completed,9.0,3,1
da9af41481d1e7c91dffc49b62624fd8,S2850,U1023,rural,false,false,KINYARWANDA,5,0.7957142857142857,0.14285714285714285,false,,,completed,7.142857142857143,1,1
5abc6364b8c879a0c6b99e0bb98d78a7,S2851,U1161,urban,false,true,KINYARWANDA,7,0.792,0.0,false,,,abandoned,6.4,0,0
eefaded5df57bae3f3d1916a55b7dbc8,S2855,U1158,rural,false,false,KINYARWANDA,5,0.7383333333333333,0.0,true,,,completed,7.833333333333333,1,1
9e3ba28b7c79f0f1c2904323e7fc4587,S2856,U1187,rural,false,true,KINYARWANDA,7,0.56,1.0,false,,,abandoned,4.0,0,0
c8e3b07acb6126d68f2c0f6ccfda87ba,S2857,U1059,rural,false,false,KINYARWANDA,10,0.6900000000000001,0.2,false,,,transferred,6.4,0,0
b7337381cbb3a79da06417a708a429fb,S2858,U1402,rural,false,true,KINYARWANDA,8,0.7255555555555556,0.2222222222222222,false,,,completed,7.0,2,1
cd1084ae90ef7852e983f5b92d092c05,S2861,U1365,rural,false,true,KINYARWANDA,13,0.7466666666666667,0.16666666666666666,true,,,abandoned,7.166666666666667,4,0
dd7cd2e07f65538a0845efe612adeda0,S2862,U1210,rural,false,true,KINYARWANDA,5,0.7475,0.5,false,,,completed,7.0,2,1
7acda612f8b3cf65bc9b0d5db59d87a6,S2863,U1405,urban,false,false,KINYARWANDA,5,0.83,0.0,false,,,completed,10.0,0,1
da9649b3e3acfefc4dd3b683a809f64a,S2864,U1151,rural,false,false,KINYARWANDA,6,0.7325,0.125,false,,,completed,6.5,0,1
eef76d325522f7738bc110879b9fa2a0,S2865,U1108,rural,false,false,KINYARWANDA,11,0.7600000000000001,0.0,false,,,completed,5.666666666666667,0,1
45cece720749e7fd41576e6a584f33bd,S2876,U1172,rural,true,false,KINYARWANDA,8,0.7275,0.25,false,,,completed,8.25,0,1
43ddc5949fe6a4bcca2dc3de67d546ec,S2877,U1227,rural,false,true,KINYARWANDA,3,0.745,0.3333333333333333,false,,,completed,9.666666666666666,2,1
f74b607f1456eb2a9af8225e666c65b0,S2879,U1182,urban,false,false,KINYARWANDA,10,0.6325000000000001,0.5,false,,,completed,9.75,0,1
a34eb1aefdc849d6a795799e326c9cf0,S2881,U1182,urban,false,false,KINYARWANDA,5,0.74,0.5,false,,,abandoned,4.5,1,0
75d64a7f3e873c01a50695298e40abeb,S2883,U1145,rural,false,false,KINYARWANDA,11,0.8460000000000001,0.2,false,,,completed,9.6,1,1
403a9d79c479060828ef06046cf7f282,S2885,U1115,urban,false,false,KINYARWANDA,11,0.6875,0.0,false,,,abandoned,10.5,0,0
aa05b4a10b56ea6cf78bd54630a780c3,S2888,U1475,urban,false,false,KINYARWANDA,6,0.734,0.0,false,,,transferred,6.6,1,0
eca2dcb4cf4a8f864548c9b89d2b1bb4,S2890,U1302,rural,false,true,KINYARWANDA,13,0.6466666666666666,0.5,false,,,abandoned,7.166666666666667,3,0
cd9e115dd86c2a90dd794c8c24ad7609,S2891,U1458,rural,false,true,KINYARWANDA,13,0.8140000000000001,0.2,false,,,transferred,7.4,0,0
0d3d3f7f9728dea208f0ff3754d5430e,S2893,U1117,rural,false,false,KINYARWANDA,8,0.8160000000000001,0.4,false,,,completed,7.4,2,1
7645d8d70cde62db10eb0fc3397aad31,S2896,U1400,rural,false,true,KINYARWANDA,5,0.743,0.1,false,,,transferred,9.1,1,0
528e6cba123a4590214c7cd404f14167,S2898,U1259,rural,false,false,KINYARWANDA,14,0.812,0.4,false,,,completed,5.8,3,1
8152478cffb2617098862c2cb0535e66,S2900,U1239,rural,false,true,KINYARWANDA,14,0.777142857142857,0.7142857142857143,false,,,completed,9.428571428571429,3,1
97ee7f72b694224c7ffd9b3a2379a8f9,S2902,U1474,rural,true,true,KINYARWANDA,7,0.66,0.0,true,,,completed,7.75,3,1
0aabe3f9c7dbb8237a06600e113045b3,S2903,U1398,urban,true,false,KINYARWANDA,6,0.76875,0.0,false,,,completed,7.875,0,1
a9408593bac88d50fa9185bce1c145f0,S2904,U1197,urban,false,false,KINYARWANDA,9,0.67,0.0,false,,,abandoned,8.25,0,0
af68e2f5d5dd54f24b3a92532da044e7,S2908,U1074,urban,false,false,KINYARWANDA,7,0.712,0.0,false,,,transferred,8.4,1,0
10bec0b549e8c761a9e7bdded45a0b21,S2911,U1089,rural,false,true,KINYARWANDA,12,0.8640000000000001,0.2,false,,,completed,7.6,0,1
5779127ba3217be56c7c8635436d3c8d,S2913,U1324,urban,false,false,KINYARWANDA,11,0.8140000000000001,0.4,false,,,transferred,6.0,2,0
e42063933edf9c88fa3ae6621dbc7261,S2917,U1049,rural,false,true,KINYARWANDA,5,0.735,0.25,false,,,completed,9.25,1,1
35d66323f2f06a1514ec93a484640818,S2919,U1460,rural,true,true,KINYARWANDA,7,0.8425,0.0,false,,,completed,6.5,0,1
73f5c6ced2bdbecb4f3415eda47d0e60,S2920,U1106,rural,false,true,KINYARWANDA,12,0.64,0.0,false,,,completed,7.0,0,1
1b6c8c0b544c74661d75ea9c7d0ca9c3,S2922,U1349,urban,false,true,KINYARWANDA,9,0.7457142857142857,0.14285714285714285,false,,,completed,8.428571428571429,1,1
4df38e13972771479b295f18bb38d5c4,S2924,U1117,rural,false,false,KINYARWANDA,10,0.740909090909091,0.09090909090909091,false,,,completed,8.090909090909092,3,1
ff37e106b809453e621b19ffecac64ba,S2925,U1492,rural,false,true,KINYARWANDA,12,0.8250000000000001,0.0,false,,,transferred,9.666666666666666,0,0
ab938a960a1107702104b0db2d8e30e1,S2926,U1197,urban,false,false,KINYARWANDA,12,0.64,0.2,false,,,abandoned,7.8,0,0
00dc213624157d07f94605fd5c1cacd9,S2928,U1364,urban,false,false,KINYARWANDA,4,0.79,0.0,false,,,completed,5.333333333333333,0,1
5307091af82cf2e82746a2ae383f67f7,S2929,U1050,urban,false,false,KINYARWANDA,5,0.7666666666666667,0.1111111111111111,false,,,completed,7.333333333333333,0,1
00338f898b53f4943c0782cee6765ba8,S2933,U1034,urban,false,true,KINYARWANDA,4,0.75,0.16666666666666666,true,,,completed,4.166666666666667,2,1
fa6c73d1c0ff1536cff7c7d79a268ea0,S2934,U1301,rural,false,false,KINYARWANDA,8,0.8075,0.5,false,,,abandoned,5.75,1,0
74fefbf20fba49ed4851b72d48427055,S2935,U1409,rural,false,false,KINYARWANDA,11,0.808,0.2,false,,,completed,9.8,1,1
fa67c74e7a17c1937352797f0c363690,S2937,U1068,rural,false,true,KINYARWANDA,11,0.7133333333333334,0.5,false,,,completed,10.5,1,1
d9a3f5992755470137ff7382b7973f02,S2941,U1467,urban,false,true,KINYARWANDA,14,0.7828571428571429,0.2857142857142857,false,,,abandoned,7.285714285714286,2,0
1cc268b31ff3ef7e19cabdc89b56395f,S2943,U1404,rural,false,false,KINYARWANDA,9,0.7783333333333333,0.16666666666666666,true,,,abandoned,6.166666666666667,3,0
02af018163a95bf8147fe8f504a9d899,S2945,U1191,urban,false,false,KINYARWANDA,13,0.7728571428571429,0.0,false,,,completed,9.571428571428571,1,1
20d44d9960b79c8f164a4ce2fd677137,S2946,U1260,urban,false,true,KINYARWANDA,8,0.72,0.0,false,,,completed,5.0,0,1
b0774467e2115bca5ddac8dd868041b8,S2949,U1089,rural,false,true,KINYARWANDA,8,0.7511111111111111,0.0,false,,,abandoned,6.333333333333333,2,0
6d0b1bc43ab1f53dca80332d47fbf5fb,S2952,U1230,urban,false,false,KINYARWANDA,8,0.9,0.0,true,,,abandoned,6.0,1,0
1405b38b5c4af598e9c4ab8381b267a1,S2953,U1294,rural,true,false,KINYARWANDA,6,0.813,0.2,false,,,completed,8.9,2,1
1d86d18d9ec689f8367c28942557c92f,S2960,U1325,urban,false,true,KINYARWANDA,6,0.8725,0.25,true,,,completed,8.5,2,1
c60a4fcf0f54207f22b70dffbc3c5f26,S2965,U1363,rural,false,false,KINYARWANDA,9,0.6925,0.25,false,,,completed,8.5,1,1
29d0e4f2f856f66cea1d667ad9bbb324,S2966,U1187,rural,false,true,KINYARWANDA,4,0.7749999999999999,0.16666666666666666,true,,,transferred,7.833333333333333,1,0
8b0912ebb742321678f1ba043c4d5edd,S2967,U1056,rural,false,false,KINYARWANDA,8,0.7171428571428571,0.14285714285714285,false,,,completed,7.0,1,1
0ae007a747045a20aba074161508a382,S2968,U1030,urban,false,true,KINYARWANDA,8,0.8188888888888889,0.1111111111111111,false,,,completed,8.444444444444445,2,1
1ec647726645a0e72c46fd9111d9a6f8,S2972,U1035,urban,false,false,KINYARWANDA,12,0.7025,0.5,false,,,completed,8.0,2,1
58a2ddf3c29d8eac466b7c60b79a1ff5,S2975,U1407,rural,false,false,KINYARWANDA,14,0.8075,0.0,false,,,abandoned,8.25,0,0
7546c7d5569c1755f0b1198a243c8810,S2976,U1363,rural,false,false,KINYARWANDA,4,0.744,0.4,false,,,completed,9.2,0,1
8f81299b8f62464db295c7c2929e67c2,S2978,U1413,rural,false,true,KINYARWANDA,3,0.72125,0.125,false,,,abandoned,7.875,2,0
33692e35e60c523f99805127a228637e,S2980,U1219,urban,false,true,KINYARWANDA,8,0.4,0.0,false,,,abandoned,6.0,0,0
c5d8888adb3f65e4177d18f7d023202b,S2984,U1219,urban,false,true,KINYARWANDA,4,0.8357142857142856,0.0,false,,,completed,8.714285714285714,0,1
efabb18c751057e045ecaecddd2bfbd1,S2985,U1269,rural,false,true,KINYARWANDA,11,0.7383333333333333,0.0,false,,,completed,6.0,0,1
a4a4e9e307e4ef0da0e80600fd333990,S2986,U1119,rural,false,true,KINYARWANDA,13,0.662,0.2,false,,,abandoned,8.6,1,0
b620985d13d306571e54e326b7bc0943,S2989,U1399,urban,true,false,KINYARWANDA,14,0.73,0.5,false,,,completed,12.0,3,1
9ccaf2f358f4c111011de3f98ef11aeb,S2991,U1478,urban,false,false,KINYARWANDA,9,0.7471428571428572,0.0,false,,,abandoned,9.428571428571429,0,0
773a3fc5e9fe6ead6ca0ab5d1dbcf938,S2992,U1105,rural,false,true,KINYARWANDA,6,0.7328571428571429,0.2857142857142857,false,,,completed,7.857142857142857,3,1
c6e0d89bdd741350b6820af072202898,S2993,U1216,rural,false,true,KINYARWANDA,10,0.7171428571428571,0.2857142857142857,false,,,abandoned,8.142857142857142,1,0
2a854ed9fe764e7e9f687e5af205b087,S2995,U1069,urban,false,true,KINYARWANDA,12,0.6633333333333333,0.3333333333333333,false,,,abandoned,5.0,0,0
284b270954ad8d9373ac0659d6ff2f7d,S2996,U1043,urban,false,false,KINYARWANDA,13,0.8099999999999999,0.14285714285714285,false,,,completed,10.571428571428571,1,1
64f4f3f3a141ba051f374fcb8a208b77,S2997,U1328,rural,false,false,KINYARWANDA,12,0.815,0.3333333333333333,false,,,transferred,7.666666666666667,1,0
022677e18260b39f8c68eb7d6691a27d,S2999,U1227,rural,false,true,KINYARWANDA,12,0.76625,0.0,false,,,abandoned,6.375,1,0
9bf669a378dd0f8c9e00836315e95d01,S3002,U1083,rural,false,false,KINYARWANDA,8,0.8325,0.25,false,,,completed,8.75,1,1
941cd25864aa1cd5f67abb3c1e14d3fa,S3003,U1337,urban,false,false,KINYARWANDA,7,0.7214285714285714,0.0,false,,,completed,10.285714285714286,0,1
30f2d0d7d274f00f161fea8da4dd436b,S3004,U1249,urban,false,false,KINYARWANDA,9,0.7485714285714286,0.2857142857142857,false,,,completed,10.285714285714286,3,1
4499de08a803bb50d02dff5dfdd267b9,S3006,U1440,rural,false,false,KINYARWANDA,4,0.7633333333333333,0.0,true,,,completed,6.0,1,1
18042bb560d31766e676c40f9e51acbb,S3010,U1416,rural,false,true,KINYARWANDA,11,0.8175,0.0,false,,,abandoned,9.5,0,0
c045b5bc3648f35ac96af9cf9e248d90,S3012,U1006,rural,false,false,KINYARWANDA,12,0.67,0.0,false,,,completed,9.25,1,1
323e0d4bb4a7b54d11a7b2e67e4198d6,S3014,U1126,urban,false,true,KINYARWANDA,9,0.85,0.0,false,,,completed,4.0,0,1
5652a45bf67bdc3ccbe1803990aa4ccb,S3015,U1398,urban,true,false,KINYARWANDA,6,0.855,0.25,false,,,abandoned,7.75,1,0
c9d3e0fb3d5ee30298d706bd4e814c7e,S3017,U1159,urban,false,true,KINYARWANDA,10,0.6799999999999999,0.7142857142857143,false,,,completed,7.714285714285714,3,1
ee99e02475f9b508298a99c9259ac628,S3019,U1202,rural,false,true,KINYARWANDA,13,0.595,0.25,false,,,completed,9.0,1,1
78e7d50d9842c6a6159699d22ade18ae,S3022,U1142,rural,false,false,KINYARWANDA,12,0.8633333333333333,0.6666666666666666,false,,,completed,3.6666666666666665,2,1
0b13a05c8f8bc718b17ae62d630de2ae,S3025,U1404,rural,false,false,KINYARWANDA,3,0.725,0.3333333333333333,false,,,completed,6.0,0,1
a5131ffa832ee9fd335af94cff7b2580,S3026,U1425,rural,true,false,KINYARWANDA,7,0.71375,0.25,false,,,completed,6.75,1,1
603ee6483e1fcea263541d6b9a54bb94,S3028,U1491,urban,false,true,KINYARWANDA,8,0.708,0.2,false,,,abandoned,11.8,1,0
9edb716a27552a83a9998f2579e595d5,S3029,U1375,rural,false,false,KINYARWANDA,4,0.8175,0.125,false,,,transferred,10.375,1,0
d0717aa40f9856d88e45462be83f7123,S3032,U1312,rural,false,false,KINYARWANDA,13,0.6866666666666666,0.0,false,,,completed,6.5,0,1
1601f06dc2fb22e9794b364bed43ba10,S3036,U1081,urban,false,true,KINYARWANDA,5,0.6775,0.0,false,,,completed,9.375,1,1
62bfeec81e431611ec0aa5a7f0049c8e,S3037,U1068,rural,false,true,KINYARWANDA,5,0.8233333333333334,0.2222222222222222,false,,,abandoned,9.222222222222221,1,0
0908dd7f7229c04d1c37fbb7a7c2e704,S3040,U1217,urban,false,false,KINYARWANDA,3,0.7142857142857143,0.14285714285714285,false,,,completed,7.142857142857143,3,1
908faee861ba264f2443810e56574340,S3042,U1471,urban,false,false,KINYARWANDA,13,0.7933333333333333,0.3333333333333333,false,,,completed,7.666666666666667,1,1
363982ca92f32499a0f19afecb328859,S3043,U1304,urban,false,false,KINYARWANDA,8,0.7085714285714285,0.2857142857142857,false,,,transferred,7.285714285714286,1,0
f1a31c99b2cb3a11285bd502f90e0874,S3044,U1402,rural,false,true,KINYARWANDA,6,0.7533333333333333,0.16666666666666666,true,,,abandoned,6.166666666666667,1,0
199761c0f26c8e3b3f9fe7edf200c688,S3045,U1370,rural,false,false,KINYARWANDA,5,0.7966666666666667,0.0,false,,,completed,6.333333333333333,1,1
90ea97e5ef7b7c461209fd3335fa547a,S3048,U1383,urban,false,true,KINYARWANDA,4,0.7125,0.0,false,,,completed,8.25,0,1
40bf15e3300f0efb0b946dc6b47bcfc0,S3051,U1424,rural,false,false,KINYARWANDA,7,0.7685714285714286,0.0,false,,,transferred,7.857142857142857,1,0
995a75e331647b870dd99f848d4d725a,S3052,U1160,rural,false,false,KINYARWANDA,11,0.915,0.5,false,,,completed,10.5,0,1
829813a8eb35d27a7f9854bfb9c4ea5d,S3053,U1177,rural,false,true,KINYARWANDA,4,0.74,0.2222222222222222,true,,,completed,8.666666666666666,6,1
ae7072d1865386f57820c3b9373ec806,S3054,U1116,urban,true,true,KINYARWANDA,4,0.7666666666666666,0.16666666666666666,false,,,transferred,7.0,2,0
2648528fab83410f8b3708132f7fb344,S3058,U1326,rural,false,true,KINYARWANDA,4,0.7050000000000001,0.0,false,,,transferred,8.0,0,0
dfa7e4b0fb441357f4e7d8c69c55f3f5,S3059,U1085,rural,false,false,KINYARWANDA,14,0.8019999999999999,0.1,false,,,completed,5.9,0,1
ff1129e47c0009b1d4066ea545b13fd7,S3060,U1288,rural,false,true,KINYARWANDA,6,0.7200000000000001,0.3333333333333333,false,,,transferred,8.666666666666666,1,0
0fac0e069b3a24e8c8379d484fbc9b88,S3063,U1060,rural,false,false,KINYARWANDA,3,0.718,0.4,false,,,transferred,8.2,2,0
418af59694f3597a5940155aff0f91fe,S3065,U1353,rural,false,false,KINYARWANDA,3,0.764,0.2,true,,,completed,7.2,2,1
5d5a3b1c40846ac06b25c5aaaa911426,S3066,U1027,rural,false,false,KINYARWANDA,5,0.7544444444444445,0.2222222222222222,false,,,abandoned,9.11111111111111,4,0
5b18de5e2143aa1fae9db7531eddbd36,S3067,U1441,urban,false,true,KINYARWANDA,12,0.7799999999999999,0.3333333333333333,true,,,completed,12.333333333333334,1,1
3afd2d88611149997ba270de39212531,S3068,U1042,rural,false,true,KINYARWANDA,7,0.7883333333333334,0.3333333333333333,false,,,completed,8.666666666666666,2,1
22c551cd71b2a718175d4c0e81105194,S3070,U1422,rural,false,true,KINYARWANDA,7,0.75875,0.125,false,,,completed,7.625,2,1
31df0d81d651339ea8d5d3d04090bb66,S3071,U1085,rural,false,false,KINYARWANDA,12,0.6971428571428572,0.42857142857142855,false,,,abandoned,7.285714285714286,2,0
bd52b71249140a945418aede09009e96,S3072,U1176,urban,false,false,KINYARWANDA,8,0.7616666666666667,0.3333333333333333,false,,,abandoned,11.5,2,0
0e08e57c251a1b5114293509fc33d26c,S3076,U1493,rural,false,true,KINYARWANDA,7,0.776,0.0,true,,,completed,7.0,0,1
d367de16cf0c41ca33395bf8967001b4,S3078,U1097,rural,false,true,KINYARWANDA,3,0.7357142857142858,0.0,false,,,completed,8.857142857142858,1,1
ef5ff03b394f76902d847ae9222b1ffb,S3080,U1329,rural,false,false,KINYARWANDA,5,0.77125,0.5,false,,,transferred,8.0,2,0
2ccdacce4f058c58a054b600f86e9acb,S3081,U1340,rural,true,true,KINYARWANDA,6,0.75,0.0,false,,,transferred,8.0,0,0
84c60f1f0b0a45974098084e5e8ed584,S3082,U1004,rural,false,false,KINYARWANDA,10,0.778,0.0,true,,,completed,9.4,1,1
e9b297534f35d648defa2c93b5dd68c1,S3083,U1001,urban,false,false,KINYARWANDA,9,0.759,0.3,false,,,transferred,9.5,4,0
2c90e05cd66f1fe979d5ba923cd522ee,S3087,U1065,rural,false,false,KINYARWANDA,8,0.44,0.0,false,,,abandoned,11.0,0,0
6f27abe1b47225708d2333beec76579d,S3088,U1329,rural,false,false,KINYARWANDA,13,0.78125,0.25,false,,,completed,8.125,0,1
d89496dea8301ae35b3dc94a64891f26,S3089,U1097,rural,false,true,KINYARWANDA,8,0.8366666666666667,0.1111111111111111,false,,,completed,10.666666666666666,1,1
e1999cd3c0ad085b7b28d01897e5a48b,S3091,U1367,urban,false,false,KINYARWANDA,12,0.7316666666666668,0.3333333333333333,false,,,abandoned,10.5,1,0
85521ad9ab36af59df32dbe58b8827e1,S3093,U1124,rural,false,false,KINYARWANDA,8,0.774,0.0,false,,,transferred,8.4,0,0
dbc20e668d58c7370da5c50c3bfa1f73,S3094,U1166,rural,false,false,KINYARWANDA,11,0.65,0.14285714285714285,false,,,completed,8.857142857142858,3,1
79240a622126a2a382741d21c249c83f,S3095,U1085,rural,false,false,KINYARWANDA,13,0.7733333333333333,0.0,true,,,completed,8.0,2,1
70ca18b56563c6826046d1d2c1d53a26,S3099,U1423,rural,false,true,KINYARWANDA,7,0.8049999999999999,0.25,false,,,abandoned,6.5,0,0
13c12f6d4e90955a5bf597cf0c6f5d04,S3102,U1058,rural,false,false,KINYARWANDA,7,0.8466666666666667,0.0,false,,,abandoned,6.333333333333333,0,0
88bc41102d209da338554e1d82f0d4f5,S3103,U1137,urban,false,false,KINYARWANDA,10,0.685,0.25,false,,,transferred,9.0,1,0
63e6f45a4b9df705067a3964b8a43b50,S3104,U1098,rural,false,false,KINYARWANDA,5,0.7341666666666667,0.08333333333333333,false,,,abandoned,8.833333333333334,3,0
7fa9fd7798e0c8209a026834bbb3614f,S3107,U1318,rural,true,true,KINYARWANDA,10,0.5625,0.5,false,,,completed,8.75,0,1
45f59bc9d13427df0af0ea832e082100,S3114,U1153,rural,false,false,KINYARWANDA,12,0.73,0.4,false,,,completed,10.6,1,1
fa569b081dd153c5e87729c03f44ff9e,S3116,U1067,urban,false,true,KINYARWANDA,8,0.71,0.2,false,,,completed,9.4,1,1
9c87646586300d6d22d35915ad486e6d,S3124,U1078,rural,false,true,KINYARWANDA,11,0.54,0.5,false,,,completed,5.0,0,1
571316fd2845c761d8b2caf12f02e1b5,S3127,U1091,urban,false,false,KINYARWANDA,14,0.8025,0.0,true,,,completed,8.25,2,1
8102b5d8de63a6af19a86328ae6911d0,S3129,U1410,rural,false,true,KINYARWANDA,7,0.7322222222222222,0.2222222222222222,false,,,completed,8.88888888888889,2,1
b30400079d5af19f2928f04da431c022,S3130,U1380,rural,false,true,KINYARWANDA,3,0.8099999999999999,0.42857142857142855,false,,,completed,7.285714285714286,3,1
a854bbc0e501cfe8635a4bfb9f8f6334,S3132,U1167,rural,false,false,KINYARWANDA,11,0.7525,0.5,false,,,transferred,9.5,3,0
71989d6062f6b4b257fbc56bd4f76c08,S3133,U1057,rural,true,true,KINYARWANDA,11,0.7333333333333334,0.3333333333333333,false,,,transferred,9.5,1,0
b4bc7fa3a22d2069108d6278ff194f01,S3138,U1065,rural,false,false,KINYARWANDA,3,0.7955555555555556,0.1111111111111111,true,,,transferred,5.666666666666667,1,0
641f1808259403f54918da4fd0afc79a,S3142,U1386,rural,false,false,KINYARWANDA,10,0.72875,0.25,false,,,completed,9.0,1,1
e3eb18d7132efbbdf65c9e9fe87ca75b,S3144,U1043,urban,false,false,KINYARWANDA,7,0.74,0.125,true,,,completed,8.375,2,1
ccb53e78bdd447251bc92b40a46cafcd,S3146,U1041,rural,false,false,KINYARWANDA,9,0.744,0.2,false,,,completed,8.0,2,1
ba46688a952232e03e194db64e1dbe38,S3148,U1226,urban,false,true,KINYARWANDA,6,0.6933333333333334,0.0,false,,,transferred,12.666666666666666,0,0
7dd70b88fdbb0f7badc028f69bb93c6a,S3150,U1166,rural,false,false,KINYARWANDA,13,0.7683333333333334,0.0,true,,,completed,6.5,3,1
b0e1c242b062e1de458254bb4095c3e7,S3154,U1378,urban,true,true,KINYARWANDA,11,0.7725,0.25,false,,,transferred,7.25,0,0
6e48f4b3b449acae3fb4fd6c518613b3,S3155,U1177,rural,false,true,KINYARWANDA,7,0.736,0.0,false,,,transferred,10.4,0,0
706374b29b56cb5ce3dc8e10662eb035,S3156,U1426,rural,false,true,KINYARWANDA,13,0.7633333333333333,0.0,true,,,completed,6.166666666666667,0,1
338ce31e521a2b8f1b30afa2c6ae637e,S3157,U1402,rural,false,true,KINYARWANDA,3,0.739,0.2,false,,,completed,8.5,0,1
9f9cc442b463a495e8642598ffb36d3a,S3161,U1267,urban,false,false,KINYARWANDA,6,0.7542857142857143,0.2857142857142857,false,,,completed,7.142857142857143,1,1
b8f53fdcb8184ef31f13b8e2fed0b98a,S3163,U1007,urban,false,false,KINYARWANDA,8,0.79,0.0,false,,,abandoned,3.0,0,0
77f6258fec49d3ebab1559b2cc60c3bd,S3164,U1407,rural,false,false,KINYARWANDA,5,0.7483333333333334,0.16666666666666666,false,,,completed,6.0,1,1
93b90299cefa4e7b48330989dcb84f21,S3165,U1475,urban,false,false,KINYARWANDA,8,0.81125,0.5,false,,,completed,7.625,3,1
a85175a94df0b5714f54cc6eac454e74,S3166,U1296,urban,false,true,KINYARWANDA,12,0.7525,0.0,false,,,transferred,6.5,0,0
47753415a5897122dae2dd1e6ab967ad,S3167,U1163,rural,false,false,KINYARWANDA,8,0.7033333333333333,0.3333333333333333,true,,,transferred,4.666666666666667,0,0
befef2c28d7eac9c5717d97b9a64f377,S3168,U1484,rural,false,true,KINYARWANDA,7,0.738,0.0,false,,,abandoned,9.0,1,0
f9ae38eda7c56ae185b323178ffff5d8,S3169,U1084,rural,false,false,KINYARWANDA,4,0.6900000000000001,0.15384615384615385,false,,,completed,8.23076923076923,5,1
1b05966fe7ab3502e858f5ee53431088,S3172,U1392,rural,false,true,KINYARWANDA,4,0.7488888888888889,0.1111111111111111,false,,,completed,8.555555555555555,1,1
3c369c9b51d4dd661f186f7ce0deaad1,S3174,U1398,urban,true,false,KINYARWANDA,4,0.7466666666666667,0.0,true,,,abandoned,7.0,1,0
83d775a9c97966223ec3c597b8df68a0,S3179,U1041,rural,false,false,KINYARWANDA,9,0.7736363636363636,0.09090909090909091,false,,,completed,9.0,1,1
1d929c02844070beea7f1aecbd5b92c5,S3180,U1315,urban,false,false,KINYARWANDA,10,0.79,0.0,false,,,completed,4.5,0,1
611d076d084dc74866c8be44d786dd45,S3181,U1467,urban,false,true,KINYARWANDA,6,0.72,0.5,false,,,completed,12.5,1,1
e81d9678726099d20a99ff5b68f6c53b,S3185,U1262,rural,false,true,KINYARWANDA,13,0.74,0.4,false,,,completed,9.4,3,1
8a4647af16bfad4180335e478da4c61f,S3186,U1335,rural,false,false,KINYARWANDA,3,0.8125,0.0,true,,,completed,10.0,0,1
910eba96842350c06cb02291b134ed09,S3187,U1386,rural,false,false,KINYARWANDA,7,0.77,0.16666666666666666,true,,,abandoned,7.333333333333333,2,0
c2837f41b8f63da05213bdaede048a09,S3188,U1364,urban,false,false,KINYARWANDA,6,0.7766666666666667,0.0,false,,,completed,6.333333333333333,0,1
323023e2e01d0db27f01298c83062ecd,S3189,U1258,rural,false,true,KINYARWANDA,11,0.71,0.125,false,,,transferred,7.375,3,0
512a9686fd2f1763b2424c10192ad35e,S3191,U1113,urban,true,false,KINYARWANDA,9,0.7875,0.125,false,,,completed,7.75,1,1
6e7b45b515f387f99c2640f3fca37b2d,S2322,U1341,rural,false,false,KINYARWANDA,7,,,,ID_REPLACEMENT,completed,completed,,,1
2596f255bf35854b230340e70b422dbf,S2484,U1229,urban,false,true,KINYARWANDA,6,,,,BIRTH_CERT,completed,completed,,,1
fb5e84d5b6043757655b02257b904a99,S3034,U1313,urban,false,false,KINYARWANDA,13,,,,DL,completed,completed,,,1
173e4b4b860470ef99148cb410b91b43,S2484,U1229,urban,false,true,KINYARWANDA,6,,,,BIRTH_CERT,abandoned,completed,,,1
558df1bbc246be9319a1807675a3d481,S2484,U1229,urban,false,true,KINYARWANDA,6,,,,LAND,completed,completed,,,1
81afc6ade3c7d5a3726cdcfc5af163d8,S2093,U1384,urban,false,false,KINYARWANDA,12,,,,,,abandoned,,,0
